Ledger_Number,Ledger_Date,Row_Count,Transaction_Fee_med,Transaction_Fee_avg,Transaction_Fee_max,Transaction_Fee_min,Transaction_Fee_sum
91899995,2024-11-05T07:15:40.000Z,37,15.0,15.378378378378379,30.0,10.0,569.0
91900495,2024-11-05T07:48:12.000Z,27,15.0,14.962962962962964,20.0,10.0,404.0
91900995,2024-11-05T08:20:42.000Z,24,15.0,15.166666666666666,20.0,10.0,364.0
91901495,2024-11-05T08:53:11.000Z,31,15.0,16.387096774193548,43.0,10.0,508.0
91901995,2024-11-05T09:25:22.000Z,26,15.0,211.76923076923077,5129.0,10.0,5506.0
91902495,2024-11-05T09:57:21.000Z,22,15.0,15.681818181818182,20.0,10.0,345.0
91902995,2024-11-05T10:29:41.000Z,14,15.0,15.285714285714286,20.0,10.0,214.0
91903495,2024-11-05T11:02:21.000Z,19,15.0,14.68421052631579,20.0,10.0,279.0
91903995,2024-11-05T11:35:10.000Z,42,10.0,269.26190476190476,5383.0,10.0,11309.0
91904495,2024-11-05T12:08:00.000Z,22,15.0,20.0,100.0,15.0,440.0
91904995,2024-11-05T12:40:31.000Z,12,15.0,15.0,20.0,10.0,180.0
91905495,2024-11-05T13:13:00.000Z,21,15.0,14.523809523809524,20.0,10.0,305.0
91905995,2024-11-05T13:45:20.000Z,23,15.0,14.521739130434783,20.0,10.0,334.0
91906495,2024-11-05T14:17:51.000Z,20,15.0,15.35,20.0,10.0,307.0
91906995,2024-11-05T14:50:42.000Z,35,15.0,32.4,177.0,10.0,1134.0
91907495,2024-11-05T15:23:32.000Z,46,12.5,502.89130434782606,5775.0,10.0,23133.0
91907995,2024-11-05T15:56:32.000Z,33,15.0,18.78787878787879,150.0,10.0,620.0
91908495,2024-11-05T16:29:30.000Z,27,15.0,14.407407407407407,20.0,10.0,389.0
91908995,2024-11-05T17:02:11.000Z,43,15.0,18.6046511627907,221.0,10.0,800.0
91909495,2024-11-05T17:34:52.000Z,24,15.0,18.041666666666668,100.0,10.0,433.0
91909995,2024-11-05T18:07:42.000Z,42,13.5,13.142857142857142,20.0,10.0,552.0
91910495,2024-11-05T18:40:40.000Z,22,15.0,14.227272727272727,20.0,10.0,313.0
91910995,2024-11-05T19:13:31.000Z,20,15.0,14.6,20.0,10.0,292.0
91911495,2024-11-05T19:46:11.000Z,39,10.0,12.64102564102564,20.0,10.0,493.0
91911995,2024-11-05T20:19:12.000Z,18,15.0,15.5,20.0,10.0,279.0
91912495,2024-11-05T20:52:01.000Z,42,15.0,15.595238095238095,30.0,10.0,655.0
91912995,2024-11-05T21:24:42.000Z,34,15.0,26.205882352941178,150.0,10.0,891.0
91913495,2024-11-05T21:57:31.000Z,34,13.5,13.352941176470589,20.0,10.0,454.0
91913995,2024-11-05T22:30:11.000Z,36,15.0,13.694444444444445,20.0,10.0,493.0
91914495,2024-11-05T23:02:52.000Z,30,10.0,15.833333333333334,100.0,10.0,475.0
91914995,2024-11-05T23:35:12.000Z,25,15.0,17.56,30.0,12.0,439.0
91915495,2024-11-06T00:07:41.000Z,30,12.0,13.133333333333333,20.0,10.0,394.0
91915995,2024-11-06T00:40:01.000Z,41,15.0,18.926829268292682,221.0,10.0,776.0
91916495,2024-11-06T01:12:42.000Z,45,15.0,13.6,20.0,10.0,612.0
91916995,2024-11-06T01:45:31.000Z,46,15.0,22.67391304347826,221.0,10.0,1043.0
91917495,2024-11-06T02:18:01.000Z,50,12.0,19.8,221.0,10.0,990.0
91917995,2024-11-06T02:50:50.000Z,36,10.0,13.25,30.0,10.0,477.0
91918495,2024-11-06T03:23:52.000Z,21,15.0,17.0,30.0,10.0,357.0
91918995,2024-11-06T03:56:52.000Z,39,15.0,17.666666666666668,100.0,10.0,689.0
91919495,2024-11-06T04:29:40.000Z,42,15.0,16.738095238095237,150.0,10.0,703.0
91919995,2024-11-06T05:02:12.000Z,57,15.0,25.210526315789473,221.0,10.0,1437.0
91920495,2024-11-06T05:34:52.000Z,39,10.0,15.384615384615385,100.0,10.0,600.0
91920995,2024-11-06T06:07:20.000Z,35,15.0,16.714285714285715,30.0,10.0,585.0
91921495,2024-11-06T06:40:00.000Z,42,15.0,13.619047619047619,20.0,10.0,572.0
91921995,2024-11-06T07:12:42.000Z,23,15.0,15.782608695652174,20.0,10.0,363.0
91922495,2024-11-06T07:45:30.000Z,44,15.0,1230.0,6329.0,10.0,54120.0
91922995,2024-11-06T08:18:31.000Z,40,15.0,24.8,150.0,10.0,992.0
91923495,2024-11-06T08:51:10.000Z,28,15.0,14.535714285714286,20.0,10.0,407.0
91923995,2024-11-06T09:23:51.000Z,26,15.0,25.076923076923077,150.0,10.0,652.0
91924495,2024-11-06T09:56:11.000Z,35,15.0,25.857142857142858,150.0,10.0,905.0
91924995,2024-11-06T10:28:52.000Z,21,15.0,15.333333333333334,20.0,10.0,322.0
91925495,2024-11-06T11:01:42.000Z,20,15.0,15.35,20.0,10.0,307.0
91925995,2024-11-06T11:34:20.000Z,23,15.0,21.47826086956522,152.0,10.0,494.0
91926495,2024-11-06T12:07:01.000Z,19,10.0,20.263157894736842,150.0,10.0,385.0
91926995,2024-11-06T12:39:50.000Z,41,15.0,14.365853658536585,30.0,10.0,589.0
91927495,2024-11-06T13:12:30.000Z,47,15.0,17.97872340425532,150.0,10.0,845.0
91927995,2024-11-06T13:45:11.000Z,30,15.0,23.866666666666667,221.0,10.0,716.0
91928495,2024-11-06T14:17:40.000Z,27,15.0,27.14814814814815,221.0,10.0,733.0
91928995,2024-11-06T14:50:11.000Z,45,10.0,15.022222222222222,150.0,10.0,676.0
91929495,2024-11-06T15:22:50.000Z,20,15.0,16.0,20.0,10.0,320.0
91929995,2024-11-06T15:55:20.000Z,26,13.5,29.115384615384617,150.0,10.0,757.0
91930495,2024-11-06T16:28:01.000Z,36,15.0,16.52777777777778,30.0,10.0,595.0
91930995,2024-11-06T17:00:51.000Z,23,15.0,15.130434782608695,20.0,10.0,348.0
91931495,2024-11-06T17:33:41.000Z,39,10.0,12.179487179487179,20.0,10.0,475.0
91931995,2024-11-06T18:06:31.000Z,21,15.0,16.428571428571427,20.0,10.0,345.0
91932495,2024-11-06T18:38:42.000Z,27,15.0,15.222222222222221,20.0,10.0,411.0
91932995,2024-11-06T19:11:11.000Z,39,15.0,26.128205128205128,221.0,12.0,1019.0
91933495,2024-11-06T19:43:30.000Z,12,15.0,16.833333333333332,20.0,12.0,202.0
91933995,2024-11-06T20:16:20.000Z,51,12.0,14.0,30.0,10.0,714.0
91934495,2024-11-06T20:48:51.000Z,24,15.0,14.083333333333334,20.0,10.0,338.0
91934995,2024-11-06T21:21:21.000Z,29,15.0,15.758620689655173,30.0,10.0,457.0
91935495,2024-11-06T21:54:00.000Z,36,12.0,13.444444444444445,20.0,10.0,484.0
91935995,2024-11-06T22:26:20.000Z,17,15.0,15.294117647058824,30.0,10.0,260.0
91936495,2024-11-06T22:58:52.000Z,40,15.0,20.925,100.0,10.0,837.0
91936995,2024-11-06T23:31:31.000Z,44,15.0,21.613636363636363,100.0,10.0,951.0
91937495,2024-11-07T00:04:11.000Z,49,15.0,226.81632653061226,5150.0,10.0,11114.0
91937995,2024-11-07T00:36:32.000Z,34,15.0,23.529411764705884,100.0,10.0,800.0
91938495,2024-11-07T01:09:12.000Z,55,15.0,23.21818181818182,221.0,10.0,1277.0
91938995,2024-11-07T01:41:51.000Z,37,15.0,18.945945945945947,221.0,10.0,701.0
91939495,2024-11-07T02:14:21.000Z,26,15.0,416.4230769230769,5249.0,10.0,10827.0
91939995,2024-11-07T02:47:00.000Z,26,15.0,16.115384615384617,30.0,10.0,419.0
91940495,2024-11-07T03:19:42.000Z,60,15.0,973.9,6049.0,10.0,58434.0
91940995,2024-11-07T03:52:40.000Z,44,15.0,13.5,20.0,10.0,594.0
91941495,2024-11-07T04:25:30.000Z,39,15.0,14.846153846153847,30.0,10.0,579.0
91941995,2024-11-07T04:58:00.000Z,33,15.0,914.7878787878788,29707.0,10.0,30188.0
91942495,2024-11-07T05:30:10.000Z,37,15.0,14.72972972972973,20.0,10.0,545.0
91942995,2024-11-07T06:02:20.000Z,47,15.0,19.404255319148938,150.0,10.0,912.0
91943495,2024-11-07T06:34:21.000Z,23,10.0,12.91304347826087,20.0,10.0,297.0
91943995,2024-11-07T07:06:31.000Z,15,15.0,17.066666666666666,30.0,12.0,256.0
91944495,2024-11-07T07:38:22.000Z,24,15.0,38.5,150.0,12.0,924.0
91944995,2024-11-07T08:10:11.000Z,21,15.0,16.428571428571427,20.0,15.0,345.0
91945495,2024-11-07T08:42:32.000Z,15,20.0,44.86666666666667,150.0,12.0,673.0
91945995,2024-11-07T09:14:50.000Z,20,15.0,15.05,20.0,10.0,301.0
91946495,2024-11-07T09:46:42.000Z,32,13.5,13.40625,20.0,10.0,429.0
91946995,2024-11-07T10:19:01.000Z,15,15.0,16.4,20.0,15.0,246.0
91947495,2024-11-07T10:51:40.000Z,28,15.0,14.357142857142858,20.0,10.0,402.0
91947995,2024-11-07T11:24:11.000Z,24,15.0,16.041666666666668,20.0,10.0,385.0
91948495,2024-11-07T11:56:32.000Z,45,10.0,18.822222222222223,150.0,10.0,847.0
91948995,2024-11-07T12:28:52.000Z,21,15.0,15.619047619047619,20.0,12.0,328.0
91949495,2024-11-07T13:01:12.000Z,31,15.0,14.03225806451613,20.0,10.0,435.0
91949995,2024-11-07T13:33:02.000Z,27,15.0,15.074074074074074,20.0,10.0,407.0
91950495,2024-11-07T14:05:02.000Z,29,15.0,15.344827586206897,20.0,10.0,445.0
91950995,2024-11-07T14:37:51.000Z,30,15.0,14.833333333333334,20.0,10.0,445.0
91951495,2024-11-07T15:10:21.000Z,13,15.0,13.76923076923077,20.0,10.0,179.0
91951995,2024-11-07T15:43:10.000Z,18,15.0,16.27777777777778,20.0,12.0,293.0
91952495,2024-11-07T16:15:51.000Z,36,12.0,16.97222222222222,150.0,10.0,611.0
91952995,2024-11-07T16:48:22.000Z,28,15.0,27.964285714285715,198.0,10.0,783.0
91953495,2024-11-07T17:21:20.000Z,21,15.0,16.142857142857142,20.0,12.0,339.0
91953995,2024-11-07T17:53:52.000Z,23,15.0,21.82608695652174,150.0,12.0,502.0
91954495,2024-11-07T18:26:31.000Z,36,15.0,19.583333333333332,150.0,10.0,705.0
91954995,2024-11-07T18:59:02.000Z,12,20.0,19.166666666666668,30.0,10.0,230.0
91955495,2024-11-07T19:31:32.000Z,17,15.0,16.470588235294116,20.0,10.0,280.0
91955995,2024-11-07T20:04:10.000Z,12,15.0,16.0,20.0,10.0,192.0
91956495,2024-11-07T20:36:41.000Z,25,15.0,15.52,20.0,10.0,388.0
91956995,2024-11-07T21:09:30.000Z,55,11.0,22.672727272727272,150.0,10.0,1247.0
91957495,2024-11-07T21:41:50.000Z,37,10.0,12.837837837837839,20.0,10.0,475.0
91957995,2024-11-07T22:13:40.000Z,23,15.0,15.652173913043478,20.0,12.0,360.0
91958495,2024-11-07T22:46:11.000Z,34,13.5,14.352941176470589,30.0,10.0,488.0
91958995,2024-11-07T23:18:21.000Z,10,10.0,11.4,20.0,10.0,114.0
91959495,2024-11-07T23:51:00.000Z,20,15.0,16.05,30.0,10.0,321.0
91959995,2024-11-08T00:23:10.000Z,28,11.0,207.82142857142858,5365.0,10.0,5819.0
91960495,2024-11-08T00:55:20.000Z,20,12.0,12.95,20.0,10.0,259.0
91960995,2024-11-08T01:27:11.000Z,10,15.5,55.8,150.0,12.0,558.0
91961495,2024-11-08T01:59:10.000Z,12,10.0,11.0,20.0,10.0,132.0
91961995,2024-11-08T02:31:00.000Z,28,15.0,13.571428571428571,20.0,10.0,380.0
91962495,2024-11-08T03:02:52.000Z,28,11.0,14.357142857142858,30.0,10.0,402.0
91962995,2024-11-08T03:34:31.000Z,6,16.0,59.333333333333336,150.0,12.0,356.0
91963495,2024-11-08T04:06:30.000Z,14,15.0,30.928571428571427,221.0,12.0,433.0
91963995,2024-11-08T04:38:40.000Z,14,15.0,17.142857142857142,30.0,10.0,240.0
91964495,2024-11-08T05:11:11.000Z,20,15.0,14.4,30.0,10.0,288.0
91964995,2024-11-08T05:42:30.000Z,6,11.0,12.833333333333334,20.0,10.0,77.0
91965495,2024-11-08T06:13:31.000Z,3,15.0,14.0,15.0,12.0,42.0
91965995,2024-11-08T06:44:41.000Z,6,10.0,11.666666666666666,20.0,10.0,70.0
91966495,2024-11-08T07:16:11.000Z,20,15.0,14.45,15.0,11.0,289.0
91966995,2024-11-08T07:47:50.000Z,13,15.0,16.76923076923077,30.0,12.0,218.0
91967495,2024-11-08T08:20:21.000Z,16,17.5,19.375,30.0,15.0,310.0
91967995,2024-11-08T08:53:01.000Z,28,15.0,16.785714285714285,30.0,10.0,470.0
91968495,2024-11-08T09:25:40.000Z,19,15.0,18.263157894736842,30.0,10.0,347.0
91968995,2024-11-08T09:57:51.000Z,21,15.0,15.238095238095237,20.0,10.0,320.0
91969495,2024-11-08T10:30:30.000Z,37,15.0,14.783783783783784,20.0,10.0,547.0
91969995,2024-11-08T11:03:00.000Z,20,15.0,15.35,20.0,10.0,307.0
91970495,2024-11-08T11:35:10.000Z,15,15.0,14.933333333333334,20.0,10.0,224.0
91970995,2024-11-08T12:07:20.000Z,21,15.0,16.0,20.0,12.0,336.0
91971495,2024-11-08T12:39:41.000Z,13,10.0,23.0,150.0,10.0,299.0
91971995,2024-11-08T13:11:22.000Z,6,15.0,15.333333333333334,20.0,12.0,92.0
91972495,2024-11-08T13:43:30.000Z,47,10.0,11.361702127659575,20.0,10.0,534.0
91972995,2024-11-08T14:16:01.000Z,15,15.0,17.0,20.0,15.0,255.0
91973495,2024-11-08T14:48:30.000Z,27,15.0,15.37037037037037,30.0,10.0,415.0
91973995,2024-11-08T15:21:01.000Z,34,15.0,22.264705882352942,150.0,10.0,757.0
91974495,2024-11-08T15:53:21.000Z,19,10.0,11.736842105263158,20.0,10.0,223.0
91974995,2024-11-08T16:25:32.000Z,18,11.0,16.055555555555557,30.0,10.0,289.0
91975495,2024-11-08T16:57:52.000Z,15,30.0,63.13333333333333,150.0,11.0,947.0
91975995,2024-11-08T17:30:41.000Z,43,10.0,11.744186046511627,21.0,10.0,505.0
91976495,2024-11-08T18:03:01.000Z,20,10.0,11.3,21.0,10.0,226.0
91976995,2024-11-08T18:35:20.000Z,31,5951.0,7893.451612903225,100001.0,10.0,244697.0
91977495,2024-11-08T19:07:32.000Z,14,10.0,14.571428571428571,30.0,10.0,204.0
91977995,2024-11-08T19:39:31.000Z,17,10.0,11.176470588235293,20.0,10.0,190.0
91978495,2024-11-08T20:12:01.000Z,15,10.0,12.133333333333333,15.0,10.0,182.0
91978995,2024-11-08T20:44:22.000Z,15,15.0,18.266666666666666,30.0,10.0,274.0
91979495,2024-11-08T21:16:32.000Z,31,15.0,17.548387096774192,150.0,10.0,544.0
91979995,2024-11-08T21:48:31.000Z,25,15.0,13.84,20.0,10.0,346.0
91980495,2024-11-08T22:20:52.000Z,23,10.0,10.73913043478261,20.0,10.0,247.0
91980995,2024-11-08T22:52:42.000Z,11,10.0,12.0,15.0,10.0,132.0
91981495,2024-11-08T23:24:40.000Z,10,10.0,15.0,30.0,10.0,150.0
91981995,2024-11-08T23:55:52.000Z,23,10.0,13.695652173913043,30.0,10.0,315.0
91982495,2024-11-09T00:27:51.000Z,10,15.0,14.9,20.0,12.0,149.0
91982995,2024-11-09T01:00:10.000Z,32,11.0,14.125,66.0,10.0,452.0
91983495,2024-11-09T01:32:30.000Z,23,15.0,16.130434782608695,30.0,12.0,371.0
91983995,2024-11-09T02:04:41.000Z,36,15.0,13.833333333333334,20.0,10.0,498.0
91984495,2024-11-09T02:37:00.000Z,8,10.0,10.25,12.0,10.0,82.0
91984995,2024-11-09T03:09:01.000Z,21,10.0,11.523809523809524,15.0,10.0,242.0
91985495,2024-11-09T03:41:31.000Z,18,10.0,34.111111111111114,150.0,10.0,614.0
91985995,2024-11-09T04:13:41.000Z,12,10.0,13.5,30.0,10.0,162.0
91986495,2024-11-09T04:45:31.000Z,18,10.0,11.722222222222221,21.0,10.0,211.0
91986995,2024-11-09T05:17:50.000Z,5,10.0,11.4,15.0,10.0,57.0
91987495,2024-11-09T05:49:30.000Z,14,13.5,15.071428571428571,20.0,10.0,211.0
91987995,2024-11-09T06:22:01.000Z,11,10.0,12.181818181818182,20.0,10.0,134.0
91988495,2024-11-09T06:53:42.000Z,6,12.0,17.333333333333332,30.0,10.0,104.0
91988995,2024-11-09T07:25:20.000Z,6,10.0,10.0,10.0,10.0,60.0
91989495,2024-11-09T07:57:42.000Z,38,10.0,1038.842105263158,5927.0,10.0,39476.0
91989995,2024-11-09T08:30:21.000Z,22,15.0,21.636363636363637,150.0,10.0,476.0
91990495,2024-11-09T09:02:40.000Z,13,10.0,16.923076923076923,70.0,10.0,220.0
91990995,2024-11-09T09:34:22.000Z,21,10.0,12.476190476190476,20.0,10.0,262.0
91991495,2024-11-09T10:06:30.000Z,17,15.0,37.411764705882355,150.0,10.0,636.0
91991995,2024-11-09T10:37:52.000Z,23,15.0,15.956521739130435,30.0,10.0,367.0
91992495,2024-11-09T11:10:01.000Z,40,10.0,145.3,5079.0,10.0,5812.0
91992995,2024-11-09T11:41:42.000Z,26,15.0,14.923076923076923,30.0,10.0,388.0
91993495,2024-11-09T12:13:42.000Z,12,10.0,23.583333333333332,150.0,10.0,283.0
91993995,2024-11-09T12:45:51.000Z,26,15.0,16.192307692307693,30.0,10.0,421.0
91994495,2024-11-09T13:17:21.000Z,17,10.0,12.352941176470589,15.0,10.0,210.0
91994995,2024-11-09T13:49:02.000Z,6,10.0,11.166666666666666,15.0,10.0,67.0
91995495,2024-11-09T14:21:00.000Z,19,10.0,33.68421052631579,150.0,10.0,640.0
91995995,2024-11-09T14:53:02.000Z,20,15.0,13.5,20.0,10.0,270.0
91996495,2024-11-09T15:25:20.000Z,12,25.0,22.916666666666668,30.0,15.0,275.0
91996995,2024-11-09T15:57:42.000Z,33,10.0,11.93939393939394,20.0,10.0,394.0
91997495,2024-11-09T16:30:12.000Z,29,10.0,11.96551724137931,20.0,10.0,347.0
91997995,2024-11-09T17:02:20.000Z,14,15.0,15.857142857142858,20.0,10.0,222.0
91998495,2024-11-09T17:34:51.000Z,16,15.0,21.875,150.0,10.0,350.0
91998995,2024-11-09T18:07:12.000Z,23,10.0,11.826086956521738,15.0,10.0,272.0
91999495,2024-11-09T18:39:40.000Z,14,10.0,11.0,20.0,10.0,154.0
91999995,2024-11-09T19:11:51.000Z,24,15.0,714.5833333333334,5900.0,10.0,17150.0
92000495,2024-11-09T19:43:51.000Z,16,15.0,13.875,15.0,10.0,222.0
92000995,2024-11-09T20:16:11.000Z,7,10.0,11.0,15.0,10.0,77.0
92001495,2024-11-09T20:48:42.000Z,23,15.0,15.217391304347826,30.0,10.0,350.0
92001995,2024-11-09T21:21:22.000Z,36,10.0,12.222222222222221,20.0,10.0,440.0
92002495,2024-11-09T21:53:41.000Z,12,10.0,11.666666666666666,20.0,10.0,140.0
92002995,2024-11-09T22:26:11.000Z,27,12.0,14.88888888888889,30.0,10.0,402.0
92003495,2024-11-09T22:58:41.000Z,40,10.0,18.025,100.0,10.0,721.0
92003995,2024-11-09T23:30:52.000Z,32,10.0,15.03125,150.0,10.0,481.0
92004495,2024-11-10T00:03:01.000Z,28,10.0,15.714285714285714,150.0,10.0,440.0
92004995,2024-11-10T00:35:10.000Z,11,15.0,14.909090909090908,20.0,10.0,164.0
92005495,2024-11-10T01:07:22.000Z,35,10.0,12.485714285714286,20.0,10.0,437.0
92005995,2024-11-10T01:39:50.000Z,34,10.0,14.411764705882353,100.0,10.0,490.0
92006495,2024-11-10T02:12:20.000Z,44,15.0,12.954545454545455,20.0,10.0,570.0
92006995,2024-11-10T02:44:22.000Z,35,10.0,12.142857142857142,20.0,10.0,425.0
92007495,2024-11-10T03:16:50.000Z,21,11.0,19.61904761904762,150.0,10.0,412.0
92007995,2024-11-10T03:49:01.000Z,28,15.0,18.571428571428573,150.0,10.0,520.0
92008495,2024-11-10T04:20:51.000Z,32,12.0,13.15625,20.0,10.0,421.0
92008995,2024-11-10T04:53:10.000Z,17,10.0,11.764705882352942,15.0,10.0,200.0
92009495,2024-11-10T05:25:42.000Z,36,15.0,17.555555555555557,150.0,10.0,632.0
92009995,2024-11-10T05:58:30.000Z,39,15.0,159.12820512820514,5304.0,10.0,6206.0
92010495,2024-11-10T06:30:51.000Z,18,18.0,52.111111111111114,150.0,10.0,938.0
92010995,2024-11-10T07:02:52.000Z,12,11.0,34.916666666666664,150.0,10.0,419.0
92011495,2024-11-10T07:34:50.000Z,10,15.0,15.0,20.0,10.0,150.0
92011995,2024-11-10T08:06:51.000Z,10,15.0,15.5,20.0,15.0,155.0
92012495,2024-11-10T08:39:00.000Z,10,15.0,14.2,20.0,10.0,142.0
92012995,2024-11-10T09:11:00.000Z,40,12.0,12.25,15.0,10.0,490.0
92013495,2024-11-10T09:43:22.000Z,22,10.0,12.272727272727273,20.0,10.0,270.0
92013995,2024-11-10T10:15:20.000Z,46,11.0,12.652173913043478,20.0,10.0,582.0
92014495,2024-11-10T10:47:11.000Z,24,15.0,14.25,20.0,10.0,342.0
92014995,2024-11-10T11:19:50.000Z,40,10.0,17.85,150.0,10.0,714.0
92015495,2024-11-10T11:52:30.000Z,5,15.0,15.0,20.0,10.0,75.0
92015995,2024-11-10T12:25:00.000Z,23,10.0,18.52173913043478,150.0,10.0,426.0
92016495,2024-11-10T12:57:51.000Z,38,15.0,29.68421052631579,221.0,10.0,1128.0
92016995,2024-11-10T13:31:00.000Z,29,15.0,27.103448275862068,221.0,10.0,786.0
92017495,2024-11-10T14:03:51.000Z,42,10.0,23.761904761904763,221.0,10.0,998.0
92017995,2024-11-10T14:36:21.000Z,55,10.0,24.418181818181818,150.0,10.0,1343.0
92018495,2024-11-10T15:09:11.000Z,40,15.0,13.55,30.0,10.0,542.0
92018995,2024-11-10T15:42:01.000Z,37,10.0,13.243243243243244,30.0,10.0,490.0
92019495,2024-11-10T16:14:40.000Z,34,15.0,324.4117647058824,5328.0,10.0,11030.0
92019995,2024-11-10T16:47:20.000Z,42,10.0,13.380952380952381,30.0,10.0,562.0
92020495,2024-11-10T17:20:00.000Z,22,12.0,14.272727272727273,30.0,10.0,314.0
92020995,2024-11-10T17:52:22.000Z,56,10.0,17.875,221.0,10.0,1001.0
92021495,2024-11-10T18:24:41.000Z,35,10.0,12.257142857142858,20.0,10.0,429.0
92021995,2024-11-10T18:57:20.000Z,43,15.0,19.558139534883722,150.0,10.0,841.0
92022495,2024-11-10T19:30:00.000Z,30,10.0,18.366666666666667,100.0,10.0,551.0
92022995,2024-11-10T20:02:41.000Z,44,12.0,31.5,221.0,10.0,1386.0
92023495,2024-11-10T20:35:31.000Z,18,15.0,31.666666666666668,150.0,10.0,570.0
92023995,2024-11-10T21:08:20.000Z,71,15.0,1114.2957746478874,5957.0,10.0,79115.0
92024495,2024-11-10T21:41:11.000Z,49,10.0,17.897959183673468,150.0,10.0,877.0
92024995,2024-11-10T22:13:50.000Z,27,10.0,12.074074074074074,20.0,10.0,326.0
92025495,2024-11-10T22:46:31.000Z,43,15.0,629.8604651162791,5359.0,10.0,27084.0
92025995,2024-11-10T23:18:52.000Z,15,15.0,12.933333333333334,15.0,10.0,194.0
92026495,2024-11-10T23:51:32.000Z,33,10.0,16.575757575757574,150.0,10.0,547.0
92026995,2024-11-11T00:24:22.000Z,30,15.0,20.7,221.0,10.0,621.0
92027495,2024-11-11T00:57:01.000Z,29,10.0,12.827586206896552,20.0,10.0,372.0
92027995,2024-11-11T01:29:11.000Z,23,15.0,13.695652173913043,20.0,10.0,315.0
92028495,2024-11-11T02:01:30.000Z,20,10.0,11.05,20.0,10.0,221.0
92028995,2024-11-11T02:34:00.000Z,32,10.0,16.15625,150.0,10.0,517.0
92029495,2024-11-11T03:06:01.000Z,23,10.0,13.695652173913043,70.0,10.0,315.0
92029995,2024-11-11T03:38:01.000Z,17,10.0,12.294117647058824,20.0,10.0,209.0
92030495,2024-11-11T04:10:10.000Z,36,15.0,12.63888888888889,15.0,10.0,455.0
92030995,2024-11-11T04:42:32.000Z,12,10.0,10.833333333333334,15.0,10.0,130.0
92031495,2024-11-11T05:14:20.000Z,22,15.0,50.36363636363637,150.0,10.0,1108.0
92031995,2024-11-11T05:46:41.000Z,26,15.0,14.807692307692308,20.0,10.0,385.0
92032495,2024-11-11T06:19:10.000Z,46,15.0,21.5,150.0,10.0,989.0
92032995,2024-11-11T06:51:12.000Z,29,15.0,21.482758620689655,221.0,10.0,623.0
92033495,2024-11-11T07:23:21.000Z,32,13.5,19.1875,221.0,10.0,614.0
92033995,2024-11-11T07:55:32.000Z,11,15.0,19.09090909090909,30.0,10.0,210.0
92034495,2024-11-11T08:27:32.000Z,12,10.0,11.25,15.0,10.0,135.0
92034995,2024-11-11T09:00:00.000Z,11,15.0,12.909090909090908,15.0,10.0,142.0
92035495,2024-11-11T09:32:11.000Z,4,15.0,15.0,20.0,10.0,60.0
92035995,2024-11-11T10:04:40.000Z,9,15.0,14.444444444444445,20.0,10.0,130.0
92036495,2024-11-11T10:36:51.000Z,41,15.0,17.317073170731707,150.0,10.0,710.0
92036995,2024-11-11T11:09:10.000Z,18,15.0,16.38888888888889,20.0,15.0,295.0
92037495,2024-11-11T11:41:41.000Z,30,13.5,13.466666666666667,20.0,10.0,404.0
92037995,2024-11-11T12:14:02.000Z,28,15.0,213.14285714285714,5384.0,10.0,5968.0
92038495,2024-11-11T12:46:42.000Z,47,15.0,777.5531914893617,5076.0,10.0,36545.0
92038995,2024-11-11T13:19:22.000Z,29,15.0,20.896551724137932,150.0,10.0,606.0
92039495,2024-11-11T13:52:01.000Z,56,15.0,493.73214285714283,5689.0,10.0,27649.0
92039995,2024-11-11T14:24:50.000Z,22,15.0,33.36363636363637,150.0,10.0,734.0
92040495,2024-11-11T14:57:12.000Z,22,15.0,22.09090909090909,150.0,12.0,486.0
92040995,2024-11-11T15:29:41.000Z,39,10.0,16.0,150.0,10.0,624.0
92041495,2024-11-11T16:02:20.000Z,43,10.0,696.6046511627907,6093.0,10.0,29954.0
92041995,2024-11-11T16:35:11.000Z,24,15.0,14.708333333333334,20.0,10.0,353.0
92042495,2024-11-11T17:08:00.000Z,27,15.0,18.48148148148148,100.0,10.0,499.0
92042995,2024-11-11T17:40:41.000Z,13,15.0,15.538461538461538,20.0,10.0,202.0
92043495,2024-11-11T18:13:30.000Z,25,15.0,19.24,150.0,10.0,481.0
92043995,2024-11-11T18:45:50.000Z,38,15.0,21.07894736842105,221.0,10.0,801.0
92044495,2024-11-11T19:18:32.000Z,31,15.0,15.03225806451613,20.0,10.0,466.0
92044995,2024-11-11T19:51:10.000Z,45,10.0,13.044444444444444,20.0,10.0,587.0
92045495,2024-11-11T20:24:01.000Z,54,15.0,30.48148148148148,221.0,10.0,1646.0
92045995,2024-11-11T20:56:50.000Z,33,15.0,14.666666666666666,20.0,10.0,484.0
92046495,2024-11-11T21:29:22.000Z,51,10.0,15.568627450980392,221.0,10.0,794.0
92046995,2024-11-11T22:02:01.000Z,35,15.0,23.571428571428573,221.0,10.0,825.0
92047495,2024-11-11T22:34:40.000Z,12,15.0,16.583333333333332,30.0,10.0,199.0
92047995,2024-11-11T23:07:02.000Z,55,15.0,205.0909090909091,5118.0,10.0,11280.0
92048495,2024-11-11T23:39:42.000Z,22,15.0,19.727272727272727,150.0,10.0,434.0
92048995,2024-11-12T00:12:12.000Z,30,15.0,14.7,15.0,12.0,441.0
92049495,2024-11-12T00:45:00.000Z,45,15.0,14.955555555555556,30.0,10.0,673.0
92049995,2024-11-12T01:17:32.000Z,38,15.0,18.81578947368421,150.0,10.0,715.0
92050495,2024-11-12T01:50:10.000Z,40,10.0,12.625,20.0,10.0,505.0
92050995,2024-11-12T02:22:50.000Z,33,12.0,21.242424242424242,150.0,10.0,701.0
92051495,2024-11-12T02:55:30.000Z,36,15.0,600.6111111111111,5435.0,10.0,21622.0
92051995,2024-11-12T03:28:01.000Z,31,15.0,15.741935483870968,30.0,10.0,488.0
92052495,2024-11-12T04:00:30.000Z,25,15.0,14.88,20.0,10.0,372.0
92052995,2024-11-12T04:32:51.000Z,28,15.0,29.285714285714285,150.0,10.0,820.0
92053495,2024-11-12T05:05:20.000Z,46,11.0,18.891304347826086,150.0,10.0,869.0
92053995,2024-11-12T05:37:52.000Z,44,15.0,19.522727272727273,150.0,10.0,859.0
92054495,2024-11-12T06:10:20.000Z,38,13.5,16.63157894736842,150.0,10.0,632.0
92054995,2024-11-12T06:42:32.000Z,29,15.0,16.724137931034484,30.0,10.0,485.0
92055495,2024-11-12T07:15:10.000Z,39,15.0,19.794871794871796,221.0,10.0,772.0
92055995,2024-11-12T07:47:41.000Z,43,15.0,13.651162790697674,20.0,10.0,587.0
92056495,2024-11-12T08:20:00.000Z,40,11.0,155.2,5497.0,10.0,6208.0
92056995,2024-11-12T08:52:51.000Z,65,15.0,725.5692307692308,5178.0,10.0,47162.0
92057495,2024-11-12T09:25:51.000Z,47,15.0,571.8723404255319,5443.0,10.0,26878.0
92057995,2024-11-12T09:58:40.000Z,65,12.0,214.13846153846154,6344.0,10.0,13919.0
92058495,2024-11-12T10:31:32.000Z,52,15.0,29.98076923076923,221.0,10.0,1559.0
92058995,2024-11-12T11:04:22.000Z,37,15.0,25.64864864864865,150.0,10.0,949.0
92059495,2024-11-12T11:37:11.000Z,29,12.0,20.137931034482758,221.0,10.0,584.0
92059995,2024-11-12T12:10:02.000Z,47,15.0,135.53191489361703,5056.0,10.0,6370.0
92060495,2024-11-12T12:42:52.000Z,83,12.0,359.34939759036143,5807.0,10.0,29826.0
92060995,2024-11-12T13:16:01.000Z,56,12.0,20.589285714285715,150.0,10.0,1153.0
92061495,2024-11-12T13:49:01.000Z,68,13.5,564.3088235294117,15327.0,10.0,38373.0
92061995,2024-11-12T14:22:00.000Z,25,15.0,15.68,20.0,12.0,392.0
92062495,2024-11-12T14:54:50.000Z,60,15.0,32.766666666666666,150.0,10.0,1966.0
92062995,2024-11-12T15:27:41.000Z,59,11.0,301.1186440677966,5554.0,10.0,17766.0
92063495,2024-11-12T16:00:51.000Z,69,12.0,34.44927536231884,150.0,10.0,2377.0
92063995,2024-11-12T16:33:40.000Z,41,15.0,17.878048780487806,150.0,10.0,733.0
92064495,2024-11-12T17:06:21.000Z,53,15.0,14.283018867924529,72.0,10.0,757.0
92064995,2024-11-12T17:39:20.000Z,61,12.0,711.4590163934427,5478.0,10.0,43399.0
92065495,2024-11-12T18:12:02.000Z,43,15.0,30.88372093023256,150.0,10.0,1328.0
92065995,2024-11-12T18:45:01.000Z,56,15.0,17.696428571428573,150.0,10.0,991.0
92066495,2024-11-12T19:17:52.000Z,32,15.0,22.3125,150.0,10.0,714.0
92066995,2024-11-12T19:50:51.000Z,47,15.0,16.23404255319149,150.0,10.0,763.0
92067495,2024-11-12T20:23:52.000Z,61,15.0,13.344262295081966,20.0,10.0,814.0
92067995,2024-11-12T20:56:50.000Z,30,15.0,15.3,20.0,10.0,459.0
92068495,2024-11-12T21:29:30.000Z,50,10.0,13.58,55.0,10.0,679.0
92068995,2024-11-12T22:02:12.000Z,40,15.0,156.675,5305.0,10.0,6267.0
92069495,2024-11-12T22:35:20.000Z,76,10.0,20.460526315789473,221.0,10.0,1555.0
92069995,2024-11-12T23:08:11.000Z,66,15.0,25.40909090909091,221.0,10.0,1677.0
92070495,2024-11-12T23:41:11.000Z,36,15.0,18.166666666666668,150.0,10.0,654.0
92070995,2024-11-13T00:14:02.000Z,50,10.0,118.12,5000.0,10.0,5906.0
92071495,2024-11-13T00:47:00.000Z,78,10.0,23.615384615384617,221.0,10.0,1842.0
92071995,2024-11-13T01:19:51.000Z,47,15.0,25.0,221.0,10.0,1175.0
92072495,2024-11-13T01:52:52.000Z,21,15.0,33.285714285714285,150.0,10.0,699.0
92072995,2024-11-13T02:25:32.000Z,45,20.0,2003.7333333333333,6132.0,10.0,90168.0
92073495,2024-11-13T02:58:30.000Z,28,15.0,15.464285714285714,20.0,11.0,433.0
92073995,2024-11-13T03:31:20.000Z,61,11.0,16.327868852459016,221.0,10.0,996.0
92074495,2024-11-13T04:04:01.000Z,64,13.5,594.75,5406.0,10.0,38064.0
92074995,2024-11-13T04:36:41.000Z,68,15.0,477.3529411764706,5258.0,10.0,32460.0
92075495,2024-11-13T05:09:21.000Z,42,15.0,15.285714285714286,30.0,10.0,642.0
92075995,2024-11-13T05:42:00.000Z,58,15.0,32.08620689655172,150.0,10.0,1861.0
92076495,2024-11-13T06:14:40.000Z,47,12.0,18.76595744680851,150.0,10.0,882.0
92076995,2024-11-13T06:47:30.000Z,52,15.0,14.634615384615385,30.0,10.0,761.0
92077495,2024-11-13T07:20:10.000Z,28,15.0,22.892857142857142,221.0,10.0,641.0
92077995,2024-11-13T07:52:41.000Z,22,15.0,25.181818181818183,221.0,10.0,554.0
92078495,2024-11-13T08:25:31.000Z,30,10.0,17.133333333333333,150.0,10.0,514.0
92078995,2024-11-13T08:58:20.000Z,33,15.0,14.393939393939394,20.0,10.0,475.0
92079495,2024-11-13T09:31:10.000Z,45,15.0,15.6,30.0,10.0,702.0
92079995,2024-11-13T10:03:51.000Z,50,13.5,14.16,30.0,10.0,708.0
92080495,2024-11-13T10:36:40.000Z,43,15.0,25.74418604651163,221.0,10.0,1107.0
92080995,2024-11-13T11:09:20.000Z,26,15.0,24.576923076923077,150.0,10.0,639.0
92081495,2024-11-13T11:42:11.000Z,21,15.0,15.476190476190476,20.0,10.0,325.0
92081995,2024-11-13T12:14:50.000Z,43,10.0,17.86046511627907,221.0,10.0,768.0
92082495,2024-11-13T12:47:12.000Z,29,15.0,21.82758620689655,221.0,10.0,633.0
92082995,2024-11-13T13:19:52.000Z,46,150.0,3544.1739130434785,50000.0,10.0,163032.0
92083495,2024-11-13T13:52:52.000Z,49,15.0,469.734693877551,5734.0,10.0,23017.0
92083995,2024-11-13T14:25:41.000Z,62,15.0,17.048387096774192,221.0,10.0,1057.0
92084495,2024-11-13T14:58:40.000Z,76,10.0,16.657894736842106,150.0,10.0,1266.0
92084995,2024-11-13T15:31:21.000Z,59,12.0,23.847457627118644,221.0,10.0,1407.0
92085495,2024-11-13T16:04:12.000Z,46,10.0,16.08695652173913,150.0,10.0,740.0
92085995,2024-11-13T16:37:20.000Z,33,15.0,18.393939393939394,150.0,10.0,607.0
92086495,2024-11-13T17:10:22.000Z,42,15.0,27.785714285714285,150.0,10.0,1167.0
92086995,2024-11-13T17:43:11.000Z,46,15.0,21.434782608695652,221.0,10.0,986.0
92087495,2024-11-13T18:16:00.000Z,34,15.0,35.470588235294116,221.0,10.0,1206.0
92087995,2024-11-13T18:48:42.000Z,29,15.0,26.93103448275862,221.0,10.0,781.0
92088495,2024-11-13T19:21:40.000Z,57,12.0,17.526315789473685,150.0,10.0,999.0
92088995,2024-11-13T19:54:41.000Z,45,15.0,16.844444444444445,150.0,10.0,758.0
92089495,2024-11-13T20:27:30.000Z,57,15.0,20.719298245614034,150.0,10.0,1181.0
92089995,2024-11-13T21:00:02.000Z,50,11.0,13.14,30.0,10.0,657.0
92090495,2024-11-13T21:33:01.000Z,44,15.0,19.704545454545453,150.0,10.0,867.0
92090995,2024-11-13T22:05:50.000Z,74,10.0,11.837837837837839,20.0,10.0,876.0
92091495,2024-11-13T22:38:21.000Z,37,15.0,15.27027027027027,20.0,10.0,565.0
92091995,2024-11-13T23:10:31.000Z,44,10.0,17.34090909090909,221.0,10.0,763.0
92092495,2024-11-13T23:43:01.000Z,27,15.0,14.333333333333334,20.0,10.0,387.0
92092995,2024-11-14T00:15:31.000Z,30,10.0,12.633333333333333,20.0,10.0,379.0
92093495,2024-11-14T00:48:01.000Z,59,15.0,711.1694915254237,5180.0,10.0,41959.0
92093995,2024-11-14T01:20:41.000Z,19,12.0,21.0,150.0,10.0,399.0
92094495,2024-11-14T01:53:20.000Z,39,15.0,18.333333333333332,150.0,10.0,715.0
92094995,2024-11-14T02:25:51.000Z,51,12.0,13.705882352941176,20.0,10.0,699.0
92095495,2024-11-14T02:58:31.000Z,46,15.0,14.304347826086957,30.0,10.0,658.0
92095995,2024-11-14T03:31:01.000Z,35,15.0,14.685714285714285,20.0,10.0,514.0
92096495,2024-11-14T04:03:32.000Z,36,11.0,17.0,150.0,10.0,612.0
92096995,2024-11-14T04:36:10.000Z,41,15.0,15.536585365853659,100.0,10.0,637.0
92097495,2024-11-14T05:08:22.000Z,39,15.0,20.358974358974358,150.0,10.0,794.0
92097995,2024-11-14T05:40:50.000Z,44,15.0,494.59090909090907,5354.0,10.0,21762.0
92098495,2024-11-14T06:13:01.000Z,25,15.0,14.4,20.0,10.0,360.0
92098995,2024-11-14T06:45:40.000Z,30,15.0,14.1,20.0,10.0,423.0
92099495,2024-11-14T07:18:11.000Z,26,15.0,17.5,30.0,10.0,455.0
92099995,2024-11-14T07:50:32.000Z,31,15.0,14.225806451612904,20.0,10.0,441.0
92100495,2024-11-14T08:23:01.000Z,20,12.5,14.25,20.0,10.0,285.0
92100995,2024-11-14T08:55:50.000Z,55,15.0,410.54545454545456,5610.0,10.0,22580.0
92101495,2024-11-14T09:28:32.000Z,34,10.0,11.558823529411764,20.0,10.0,393.0
92101995,2024-11-14T10:00:50.000Z,72,10.0,12.319444444444445,20.0,10.0,887.0
92102495,2024-11-14T10:33:11.000Z,30,1000.0,2499.5666666666666,5901.0,10.0,74987.0
92102995,2024-11-14T11:06:00.000Z,46,13.5,17.369565217391305,221.0,10.0,799.0
92103495,2024-11-14T11:38:41.000Z,66,15.0,1326.3333333333333,5506.0,10.0,87538.0
92103995,2024-11-14T12:11:31.000Z,51,10.0,1005.0196078431372,5064.0,10.0,51256.0
92104495,2024-11-14T12:44:12.000Z,26,10.0,11.615384615384615,15.0,10.0,302.0
92104995,2024-11-14T13:17:01.000Z,36,15.0,13.75,20.0,10.0,495.0
92105495,2024-11-14T13:49:50.000Z,33,15.0,26.848484848484848,150.0,10.0,886.0
92105995,2024-11-14T14:22:21.000Z,24,15.0,19.708333333333332,150.0,10.0,473.0
92106495,2024-11-14T14:55:00.000Z,81,12.0,737.5802469135803,5678.0,10.0,59744.0
92106995,2024-11-14T15:27:41.000Z,32,11.0,21.15625,150.0,10.0,677.0
92107495,2024-11-14T16:00:21.000Z,37,15.0,15.594594594594595,100.0,10.0,577.0
92107995,2024-11-14T16:33:00.000Z,72,11.0,14.708333333333334,150.0,10.0,1059.0
92108495,2024-11-14T17:05:30.000Z,59,10.0,203.38983050847457,5381.0,10.0,12000.0
92108995,2024-11-14T17:38:12.000Z,48,15.0,354.6458333333333,5389.0,10.0,17023.0
92109495,2024-11-14T18:11:10.000Z,27,15.0,19.962962962962962,150.0,10.0,539.0
92109995,2024-11-14T18:44:00.000Z,43,12.0,19.651162790697676,150.0,10.0,845.0
92110495,2024-11-14T19:16:51.000Z,38,15.0,17.68421052631579,150.0,10.0,672.0
92110995,2024-11-14T19:49:31.000Z,91,10.0,11.802197802197803,20.0,10.0,1074.0
92111495,2024-11-14T20:22:11.000Z,37,15.0,20.83783783783784,150.0,10.0,771.0
92111995,2024-11-14T20:54:51.000Z,24,15.0,20.083333333333332,150.0,10.0,482.0
92112495,2024-11-14T21:27:42.000Z,35,15.0,24.02857142857143,221.0,10.0,841.0
92112995,2024-11-14T22:00:31.000Z,66,15.0,1078.6818181818182,5546.0,10.0,71193.0
92113495,2024-11-14T22:33:30.000Z,52,15.0,20.23076923076923,221.0,10.0,1052.0
92113995,2024-11-14T23:06:20.000Z,80,10.0,16.35,221.0,10.0,1308.0
92114495,2024-11-14T23:39:02.000Z,44,15.0,16.318181818181817,150.0,10.0,718.0
92114995,2024-11-15T00:11:52.000Z,60,10.0,100.26666666666667,5291.0,10.0,6016.0
92115495,2024-11-15T00:44:40.000Z,44,15.0,14.386363636363637,20.0,10.0,633.0
92115995,2024-11-15T01:17:22.000Z,54,10.0,14.75925925925926,150.0,10.0,797.0
92116495,2024-11-15T01:50:10.000Z,24,12.0,33.208333333333336,221.0,10.0,797.0
92116995,2024-11-15T02:22:51.000Z,41,11.0,15.731707317073171,150.0,10.0,645.0
92117495,2024-11-15T02:55:30.000Z,36,15.0,18.25,150.0,10.0,657.0
92117995,2024-11-15T03:28:10.000Z,27,15.0,20.25925925925926,150.0,10.0,547.0
92118495,2024-11-15T04:00:41.000Z,51,15.0,18.96078431372549,150.0,10.0,967.0
92118995,2024-11-15T04:33:22.000Z,31,15.0,14.580645161290322,20.0,10.0,452.0
92119495,2024-11-15T05:06:11.000Z,33,15.0,14.363636363636363,20.0,10.0,474.0
92119995,2024-11-15T05:38:42.000Z,73,15.0,157.013698630137,5302.0,10.0,11462.0
92120495,2024-11-15T06:11:11.000Z,47,10.0,11.914893617021276,20.0,10.0,560.0
92120995,2024-11-15T06:43:41.000Z,80,10.0,11.9125,20.0,10.0,953.0
92121495,2024-11-15T07:16:10.000Z,34,10.5,12.970588235294118,20.0,10.0,441.0
92121995,2024-11-15T07:48:42.000Z,53,12.0,18.28301886792453,150.0,10.0,969.0
92122495,2024-11-15T08:21:20.000Z,50,15.0,451.76,5544.0,10.0,22588.0
92122995,2024-11-15T08:53:42.000Z,38,15.0,13.921052631578947,20.0,10.0,529.0
92123495,2024-11-15T09:26:21.000Z,32,15.0,14.1875,20.0,10.0,454.0
92123995,2024-11-15T09:59:00.000Z,20,13.5,13.85,20.0,10.0,277.0
92124495,2024-11-15T10:31:51.000Z,77,10.0,148.97402597402598,5098.0,10.0,11471.0
92124995,2024-11-15T11:04:11.000Z,61,12.0,16.34426229508197,221.0,10.0,997.0
92125495,2024-11-15T11:36:41.000Z,26,15.0,14.692307692307692,20.0,10.0,382.0
92125995,2024-11-15T12:09:10.000Z,26,15.0,15.76923076923077,20.0,10.0,410.0
92126495,2024-11-15T12:41:41.000Z,47,15.0,595.9148936170212,5436.0,10.0,28008.0
92126995,2024-11-15T13:14:40.000Z,52,10.0,17.01923076923077,150.0,10.0,885.0
92127495,2024-11-15T13:47:30.000Z,41,15.0,15.341463414634147,30.0,10.0,629.0
92127995,2024-11-15T14:20:21.000Z,72,10.5,243.18055555555554,5501.0,10.0,17509.0
92128495,2024-11-15T14:53:02.000Z,55,11.0,602.7454545454545,5450.0,10.0,33151.0
92128995,2024-11-15T15:26:00.000Z,59,11.0,104.79661016949153,5312.0,10.0,6183.0
92129495,2024-11-15T15:58:40.000Z,26,15.0,14.23076923076923,20.0,10.0,370.0
92129995,2024-11-15T16:31:30.000Z,85,10.0,134.6,5156.0,10.0,11441.0
92130495,2024-11-15T17:04:10.000Z,57,10.0,843.0175438596491,5517.0,10.0,48052.0
92130995,2024-11-15T17:36:42.000Z,30,10.0,11.966666666666667,20.0,10.0,359.0
92131495,2024-11-15T18:09:21.000Z,48,10.0,21.729166666666668,221.0,10.0,1043.0
92131995,2024-11-15T18:42:02.000Z,45,10.0,19.22222222222222,221.0,10.0,865.0
92132495,2024-11-15T19:14:51.000Z,34,10.0,12.823529411764707,20.0,10.0,436.0
92132995,2024-11-15T19:48:02.000Z,34,15.0,679.1764705882352,5821.0,10.0,23092.0
92133495,2024-11-15T20:21:10.000Z,45,10.0,15.088888888888889,150.0,10.0,679.0
92133995,2024-11-15T20:54:11.000Z,46,11.0,13.021739130434783,20.0,10.0,599.0
92134495,2024-11-15T21:27:10.000Z,52,13.5,1836.0961538461538,16053.0,10.0,95477.0
92134995,2024-11-15T22:00:02.000Z,52,12.0,13.057692307692308,20.0,10.0,679.0
92135495,2024-11-15T22:33:00.000Z,32,15.0,18.8125,150.0,10.0,602.0
92135995,2024-11-15T23:06:01.000Z,41,15.0,14.439024390243903,20.0,10.0,592.0
92136495,2024-11-15T23:38:50.000Z,60,10.0,19.4,150.0,10.0,1164.0
92136995,2024-11-16T00:11:32.000Z,60,15.0,2320.516666666667,100001.0,10.0,139231.0
92137495,2024-11-16T00:44:30.000Z,16,10.0,12.4375,20.0,10.0,199.0
92137995,2024-11-16T01:17:01.000Z,31,12.0,13.580645161290322,20.0,10.0,421.0
92138495,2024-11-16T01:49:40.000Z,21,15.0,12.952380952380953,15.0,10.0,272.0
92138995,2024-11-16T02:22:20.000Z,47,10.0,11.659574468085106,15.0,10.0,548.0
92139495,2024-11-16T02:55:01.000Z,38,10.0,11.868421052631579,20.0,10.0,451.0
92139995,2024-11-16T03:27:50.000Z,48,10.0,579.6041666666666,5832.0,10.0,27821.0
92140495,2024-11-16T04:00:22.000Z,47,11.0,15.23404255319149,150.0,10.0,716.0
92140995,2024-11-16T04:33:01.000Z,11,15.0,13.545454545454545,20.0,10.0,149.0
92141495,2024-11-16T05:05:52.000Z,51,10.0,1971.5294117647059,100001.0,10.0,100548.0
92141995,2024-11-16T05:38:50.000Z,40,15.0,1273.325,50000.0,10.0,50933.0
92142495,2024-11-16T06:11:40.000Z,37,12.0,16.62162162162162,150.0,10.0,615.0
92142995,2024-11-16T06:44:31.000Z,41,12.0,12.317073170731707,20.0,10.0,505.0
92143495,2024-11-16T07:17:12.000Z,16,10.0,12.0,20.0,10.0,192.0
92143995,2024-11-16T07:50:00.000Z,38,10.0,11.710526315789474,20.0,10.0,445.0
92144495,2024-11-16T08:22:51.000Z,14,12.5,61.07142857142857,150.0,10.0,855.0
92144995,2024-11-16T08:55:32.000Z,33,10.0,18.272727272727273,221.0,10.0,603.0
92145495,2024-11-16T09:28:30.000Z,59,11.0,21.88135593220339,150.0,10.0,1291.0
92145995,2024-11-16T10:01:31.000Z,60,13.5,728.6666666666666,5444.0,10.0,43720.0
92146495,2024-11-16T10:34:41.000Z,76,10.0,85.90789473684211,5492.0,10.0,6529.0
92146995,2024-11-16T11:07:31.000Z,32,15.0,2886.6875,50000.0,10.0,92374.0
92147495,2024-11-16T11:40:30.000Z,86,10.0,130.45348837209303,5086.0,10.0,11219.0
92147995,2024-11-16T12:13:30.000Z,69,10.0,18.44927536231884,221.0,10.0,1273.0
92148495,2024-11-16T12:46:20.000Z,75,10.0,13.653333333333334,150.0,10.0,1024.0
92148995,2024-11-16T13:19:10.000Z,69,10.0,13.608695652173912,150.0,10.0,939.0
92149495,2024-11-16T13:52:01.000Z,31,15.0,18.967741935483872,150.0,12.0,588.0
92149995,2024-11-16T14:25:01.000Z,25,15.0,29.84,150.0,10.0,746.0
92150495,2024-11-16T14:58:10.000Z,45,12.0,17.355555555555554,100.0,10.0,781.0
92150995,2024-11-16T15:31:20.000Z,71,10.0,3047.943661971831,100001.0,10.0,216404.0
92151495,2024-11-16T16:04:20.000Z,55,15.0,19.527272727272727,150.0,10.0,1074.0
92151995,2024-11-16T16:37:22.000Z,59,10.0,861.4237288135594,50000.0,10.0,50824.0
92152495,2024-11-16T17:10:30.000Z,63,10.0,22.714285714285715,150.0,10.0,1431.0
92152995,2024-11-16T17:43:22.000Z,66,15.0,646.6818181818181,5116.0,10.0,42681.0
92153495,2024-11-16T18:16:22.000Z,79,15.0,20.620253164556964,150.0,10.0,1629.0
92153995,2024-11-16T18:49:12.000Z,75,10.0,15.373333333333333,150.0,10.0,1153.0
92154495,2024-11-16T19:22:12.000Z,47,12.0,15.659574468085106,150.0,10.0,736.0
92154995,2024-11-16T19:55:12.000Z,64,10.0,15.0625,150.0,10.0,964.0
92155495,2024-11-16T20:28:11.000Z,77,15.0,29.051948051948052,150.0,10.0,2237.0
92155995,2024-11-16T21:01:10.000Z,47,12.0,17.574468085106382,150.0,10.0,826.0
92156495,2024-11-16T21:34:02.000Z,53,15.0,1109.622641509434,5464.0,10.0,58810.0
92156995,2024-11-16T22:07:00.000Z,32,15.0,14.90625,30.0,10.0,477.0
92157495,2024-11-16T22:39:51.000Z,24,15.0,13.5,15.0,10.0,324.0
92157995,2024-11-16T23:12:31.000Z,39,12.0,13.948717948717949,30.0,10.0,544.0
92158495,2024-11-16T23:45:21.000Z,36,15.0,14.055555555555555,30.0,10.0,506.0
92158995,2024-11-17T00:18:11.000Z,34,15.0,22.147058823529413,150.0,10.0,753.0
92159495,2024-11-17T00:51:02.000Z,52,15.0,157.82692307692307,5834.0,10.0,8207.0
92159995,2024-11-17T01:24:01.000Z,23,15.0,18.0,30.0,12.0,414.0
92160495,2024-11-17T01:56:52.000Z,19,12.0,20.894736842105264,150.0,10.0,397.0
92160995,2024-11-17T02:29:52.000Z,48,10.0,11.270833333333334,20.0,10.0,541.0
92161495,2024-11-17T03:02:50.000Z,20,15.0,21.3,150.0,10.0,426.0
92161995,2024-11-17T03:35:31.000Z,40,15.0,17.225,150.0,10.0,689.0
92162495,2024-11-17T04:08:02.000Z,61,10.0,14.131147540983607,150.0,10.0,862.0
92162995,2024-11-17T04:40:52.000Z,28,15.0,13.25,20.0,10.0,371.0
92163495,2024-11-17T05:13:50.000Z,39,10.0,15.897435897435898,150.0,10.0,620.0
92163995,2024-11-17T05:46:20.000Z,34,15.0,21.676470588235293,150.0,10.0,737.0
92164495,2024-11-17T06:18:51.000Z,25,15.0,52.6,150.0,10.0,1315.0
92164995,2024-11-17T06:51:21.000Z,52,10.0,19.596153846153847,150.0,10.0,1019.0
92165495,2024-11-17T07:24:10.000Z,43,11.0,12.511627906976743,20.0,10.0,538.0
92165995,2024-11-17T07:56:50.000Z,16,15.0,27.875,221.0,10.0,446.0
92166495,2024-11-17T08:29:31.000Z,34,10.0,12.294117647058824,20.0,10.0,418.0
92166995,2024-11-17T09:02:20.000Z,25,15.0,14.0,20.0,10.0,350.0
92167495,2024-11-17T09:35:20.000Z,32,11.5,186.75,5383.0,10.0,5976.0
92167995,2024-11-17T10:08:10.000Z,42,13.5,12.547619047619047,15.0,10.0,527.0
92168495,2024-11-17T10:41:00.000Z,30,11.0,23.566666666666666,221.0,10.0,707.0
92168995,2024-11-17T11:13:50.000Z,26,15.0,18.46153846153846,150.0,10.0,480.0
92169495,2024-11-17T11:46:50.000Z,40,12.0,23.2,221.0,10.0,928.0
92169995,2024-11-17T12:19:41.000Z,50,12.0,11.8,20.0,10.0,590.0
92170495,2024-11-17T12:52:32.000Z,68,12.0,18.66176470588235,150.0,10.0,1269.0
92170995,2024-11-17T13:25:30.000Z,61,10.0,15.426229508196721,221.0,10.0,941.0
92171495,2024-11-17T13:58:22.000Z,45,11.0,31.711111111111112,221.0,10.0,1427.0
92171995,2024-11-17T14:31:31.000Z,60,10.0,14.616666666666667,150.0,10.0,877.0
92172495,2024-11-17T15:04:30.000Z,24,12.0,32.083333333333336,221.0,10.0,770.0
92172995,2024-11-17T15:37:11.000Z,41,12.0,145.1219512195122,5297.0,10.0,5950.0
92173495,2024-11-17T16:10:00.000Z,50,10.0,19.22,150.0,10.0,961.0
92173995,2024-11-17T16:42:32.000Z,56,10.0,11.464285714285714,20.0,10.0,642.0
92174495,2024-11-17T17:15:31.000Z,55,15.0,17.854545454545455,150.0,10.0,982.0
92174995,2024-11-17T17:48:31.000Z,27,10.0,12.407407407407407,20.0,10.0,335.0
92175495,2024-11-17T18:21:30.000Z,52,12.0,13.596153846153847,30.0,10.0,707.0
92175995,2024-11-17T18:54:31.000Z,32,10.0,12.09375,15.0,10.0,387.0
92176495,2024-11-17T19:27:11.000Z,62,10.0,12.112903225806452,20.0,10.0,751.0
92176995,2024-11-17T20:00:00.000Z,24,10.0,21.875,221.0,10.0,525.0
92177495,2024-11-17T20:32:42.000Z,32,11.0,20.875,221.0,10.0,668.0
92177995,2024-11-17T21:05:20.000Z,30,12.0,22.1,150.0,10.0,663.0
92178495,2024-11-17T21:37:52.000Z,21,20.0,59.476190476190474,221.0,10.0,1249.0
92178995,2024-11-17T22:10:41.000Z,44,11.0,12.931818181818182,30.0,10.0,569.0
92179495,2024-11-17T22:43:31.000Z,21,10.0,13.80952380952381,30.0,10.0,290.0
92179995,2024-11-17T23:16:22.000Z,42,10.0,25.166666666666668,221.0,10.0,1057.0
92180495,2024-11-17T23:49:20.000Z,30,11.0,12.333333333333334,15.0,10.0,370.0
92180995,2024-11-18T00:22:20.000Z,28,10.0,17.107142857142858,150.0,10.0,479.0
92181495,2024-11-18T00:55:11.000Z,40,11.0,19.425,150.0,10.0,777.0
92181995,2024-11-18T01:27:51.000Z,42,10.0,17.142857142857142,221.0,10.0,720.0
92182495,2024-11-18T02:00:51.000Z,93,15.0,770.9032258064516,5651.0,10.0,71694.0
92182995,2024-11-18T02:33:50.000Z,23,15.0,20.652173913043477,150.0,10.0,475.0
92183495,2024-11-18T03:06:30.000Z,65,10.0,15.507692307692308,221.0,10.0,1008.0
92183995,2024-11-18T03:39:02.000Z,55,10.0,17.254545454545454,100.0,10.0,949.0
92184495,2024-11-18T04:11:42.000Z,81,11.0,26.85185185185185,221.0,10.0,2175.0
92184995,2024-11-18T04:44:22.000Z,49,15.0,19.081632653061224,100.0,10.0,935.0
92185495,2024-11-18T05:17:12.000Z,68,15.0,25.83823529411765,221.0,10.0,1757.0
92185995,2024-11-18T05:49:50.000Z,31,15.0,32.16129032258065,150.0,10.0,997.0
92186495,2024-11-18T06:22:30.000Z,44,13.5,14.863636363636363,30.0,10.0,654.0
92186995,2024-11-18T06:55:12.000Z,35,10.0,13.857142857142858,30.0,10.0,485.0
92187495,2024-11-18T07:27:52.000Z,53,12.0,20.62264150943396,150.0,10.0,1093.0
92187995,2024-11-18T08:00:50.000Z,71,10.0,21.971830985915492,150.0,10.0,1560.0
92188495,2024-11-18T08:33:30.000Z,47,12.0,22.78723404255319,221.0,10.0,1071.0
92188995,2024-11-18T09:06:21.000Z,47,15.0,27.340425531914892,671.0,10.0,1285.0
92189495,2024-11-18T09:39:12.000Z,72,13.5,453.30555555555554,5256.0,10.0,32638.0
92189995,2024-11-18T10:11:51.000Z,36,15.0,13.555555555555555,20.0,10.0,488.0
92190495,2024-11-18T10:44:31.000Z,35,15.0,19.914285714285715,221.0,10.0,697.0
92190995,2024-11-18T11:17:30.000Z,55,15.0,115.2909090909091,5295.0,10.0,6341.0
92191495,2024-11-18T11:50:31.000Z,57,11.0,16.07017543859649,221.0,10.0,916.0
92191995,2024-11-18T12:23:32.000Z,41,15.0,14.146341463414634,20.0,10.0,580.0
92192495,2024-11-18T12:56:21.000Z,38,15.0,19.289473684210527,221.0,10.0,733.0
92192995,2024-11-18T13:29:20.000Z,52,13.5,16.98076923076923,221.0,10.0,883.0
92193495,2024-11-18T14:02:11.000Z,65,10.0,100.3076923076923,5339.0,10.0,6520.0
92193995,2024-11-18T14:34:52.000Z,45,15.0,18.133333333333333,150.0,10.0,816.0
92194495,2024-11-18T15:07:41.000Z,80,11.0,80.5125,5299.0,10.0,6441.0
92194995,2024-11-18T15:40:31.000Z,76,10.0,149.21052631578948,5070.0,10.0,11340.0
92195495,2024-11-18T16:13:40.000Z,41,11.0,21.073170731707318,221.0,10.0,864.0
92195995,2024-11-18T16:46:31.000Z,31,12.0,13.870967741935484,30.0,10.0,430.0
92196495,2024-11-18T17:19:20.000Z,40,10.5,12.725,20.0,10.0,509.0
92196995,2024-11-18T17:52:20.000Z,35,10.0,12.971428571428572,20.0,10.0,454.0
92197495,2024-11-18T18:25:00.000Z,53,10.0,15.39622641509434,150.0,10.0,816.0
92197995,2024-11-18T18:57:50.000Z,48,15.0,13.125,20.0,10.0,630.0
92198495,2024-11-18T19:30:51.000Z,33,15.0,13.666666666666666,20.0,10.0,451.0
92198995,2024-11-18T20:03:50.000Z,52,10.0,17.903846153846153,150.0,10.0,931.0
92199495,2024-11-18T20:36:41.000Z,48,15.0,19.3125,221.0,10.0,927.0
92199995,2024-11-18T21:09:51.000Z,45,15.0,29.11111111111111,221.0,10.0,1310.0
92200495,2024-11-18T21:42:51.000Z,32,15.0,25.09375,150.0,10.0,803.0
92200995,2024-11-18T22:15:42.000Z,64,15.0,21.109375,150.0,10.0,1351.0
92201495,2024-11-18T22:48:42.000Z,33,15.0,15.030303030303031,20.0,11.0,496.0
92201995,2024-11-18T23:21:30.000Z,38,15.0,21.18421052631579,221.0,10.0,805.0
92202495,2024-11-18T23:54:01.000Z,25,15.0,14.52,20.0,10.0,363.0
92202995,2024-11-19T00:26:51.000Z,50,15.0,17.76,221.0,10.0,888.0
92203495,2024-11-19T00:59:42.000Z,36,15.0,14.333333333333334,20.0,10.0,516.0
92203995,2024-11-19T01:32:21.000Z,28,15.0,15.214285714285714,30.0,10.0,426.0
92204495,2024-11-19T02:05:10.000Z,42,13.5,13.119047619047619,20.0,10.0,551.0
92204995,2024-11-19T02:37:41.000Z,26,15.0,15.26923076923077,20.0,10.0,397.0
92205495,2024-11-19T03:10:31.000Z,21,15.0,16.80952380952381,30.0,10.0,353.0
92205995,2024-11-19T03:43:01.000Z,42,15.0,274.35714285714283,5341.0,10.0,11523.0
92206495,2024-11-19T04:15:40.000Z,30,15.0,17.466666666666665,30.0,10.0,524.0
92206995,2024-11-19T04:48:11.000Z,40,15.0,23.675,221.0,10.0,947.0
92207495,2024-11-19T05:20:40.000Z,35,10.0,18.514285714285716,221.0,10.0,648.0
92207995,2024-11-19T05:53:02.000Z,20,15.0,15.0,20.0,10.0,300.0
92208495,2024-11-19T06:25:22.000Z,14,15.0,14.928571428571429,20.0,10.0,209.0
92208995,2024-11-19T06:57:52.000Z,14,15.0,16.0,20.0,12.0,224.0
92209495,2024-11-19T07:30:30.000Z,33,11.0,23.09090909090909,221.0,10.0,762.0
92209995,2024-11-19T08:02:50.000Z,36,11.5,13.055555555555555,20.0,10.0,470.0
92210495,2024-11-19T08:35:21.000Z,47,10.0,16.659574468085108,221.0,10.0,783.0
92210995,2024-11-19T09:07:51.000Z,51,15.0,13.705882352941176,20.0,10.0,699.0
92211495,2024-11-19T09:40:12.000Z,27,15.0,31.444444444444443,221.0,10.0,849.0
92211995,2024-11-19T10:12:50.000Z,29,15.0,15.206896551724139,20.0,10.0,441.0
92212495,2024-11-19T10:45:20.000Z,28,15.0,25.071428571428573,150.0,10.0,702.0
92212995,2024-11-19T11:18:00.000Z,34,15.0,14.411764705882353,20.0,10.0,490.0
92213495,2024-11-19T11:50:20.000Z,30,15.0,21.5,221.0,10.0,645.0
92213995,2024-11-19T12:22:50.000Z,19,15.0,16.31578947368421,20.0,12.0,310.0
92214495,2024-11-19T12:55:20.000Z,22,15.0,23.454545454545453,221.0,10.0,516.0
92214995,2024-11-19T13:28:11.000Z,49,15.0,24.816326530612244,150.0,10.0,1216.0
92215495,2024-11-19T14:00:50.000Z,65,11.0,443.5230769230769,5582.0,10.0,28829.0
92215995,2024-11-19T14:33:41.000Z,44,12.0,16.045454545454547,150.0,10.0,706.0
92216495,2024-11-19T15:06:22.000Z,54,15.0,25.814814814814813,221.0,10.0,1394.0
92216995,2024-11-19T15:38:52.000Z,32,13.5,13.5,20.0,10.0,432.0
92217495,2024-11-19T16:11:40.000Z,30,15.0,29.133333333333333,221.0,10.0,874.0
92217995,2024-11-19T16:44:31.000Z,37,15.0,162.24324324324326,5309.0,10.0,6003.0
92218495,2024-11-19T17:17:21.000Z,42,15.0,17.166666666666668,150.0,10.0,721.0
92218995,2024-11-19T17:50:10.000Z,33,15.0,14.757575757575758,20.0,10.0,487.0
92219495,2024-11-19T18:23:02.000Z,40,15.0,13.45,20.0,10.0,538.0
92219995,2024-11-19T18:55:52.000Z,53,15.0,20.50943396226415,160.0,10.0,1087.0
92220495,2024-11-19T19:28:50.000Z,52,10.0,13.057692307692308,20.0,10.0,679.0
92220995,2024-11-19T20:01:40.000Z,40,15.0,13.85,20.0,10.0,554.0
92221495,2024-11-19T20:34:22.000Z,37,11.0,12.702702702702704,20.0,10.0,470.0
92221995,2024-11-19T21:07:31.000Z,40,15.0,25.8,221.0,10.0,1032.0
92222495,2024-11-19T21:40:21.000Z,32,15.0,20.1875,150.0,10.0,646.0
92222995,2024-11-19T22:13:02.000Z,23,15.0,24.608695652173914,221.0,10.0,566.0
92223495,2024-11-19T22:45:51.000Z,27,15.0,21.333333333333332,221.0,10.0,576.0
92223995,2024-11-19T23:18:31.000Z,24,15.0,43.291666666666664,221.0,10.0,1039.0
92224495,2024-11-19T23:51:10.000Z,28,15.0,14.821428571428571,20.0,10.0,415.0
92224995,2024-11-20T00:23:41.000Z,22,15.0,23.636363636363637,221.0,10.0,520.0
92225495,2024-11-20T00:56:21.000Z,39,11.0,67.3076923076923,1000.0,10.0,2625.0
92225995,2024-11-20T01:29:01.000Z,34,13.5,15.205882352941176,30.0,10.0,517.0
92226495,2024-11-20T02:01:41.000Z,42,15.0,20.238095238095237,221.0,10.0,850.0
92226995,2024-11-20T02:34:22.000Z,26,10.0,14.961538461538462,30.0,10.0,389.0
92227495,2024-11-20T03:07:02.000Z,43,11.0,22.441860465116278,150.0,10.0,965.0
92227995,2024-11-20T03:39:50.000Z,43,11.0,17.837209302325583,221.0,10.0,767.0
92228495,2024-11-20T04:12:20.000Z,51,10.0,17.019607843137255,221.0,10.0,868.0
92228995,2024-11-20T04:44:50.000Z,28,11.0,13.428571428571429,20.0,10.0,376.0
92229495,2024-11-20T05:17:20.000Z,33,15.0,14.090909090909092,20.0,10.0,465.0
92229995,2024-11-20T05:49:50.000Z,38,15.0,14.263157894736842,20.0,10.0,542.0
92230495,2024-11-20T06:22:21.000Z,25,15.0,14.92,20.0,10.0,373.0
92230995,2024-11-20T06:55:00.000Z,24,15.0,14.625,20.0,10.0,351.0
92231495,2024-11-20T07:27:20.000Z,36,15.0,27.61111111111111,221.0,10.0,994.0
92231995,2024-11-20T08:00:00.000Z,13,15.0,14.23076923076923,20.0,10.0,185.0
92232495,2024-11-20T08:32:11.000Z,47,12.0,572.8085106382979,5461.0,10.0,26922.0
92232995,2024-11-20T09:04:31.000Z,19,12.0,13.842105263157896,20.0,10.0,263.0
92233495,2024-11-20T09:37:01.000Z,32,13.5,13.5,20.0,10.0,432.0
92233995,2024-11-20T10:09:40.000Z,24,15.0,14.541666666666666,20.0,10.0,349.0
92234495,2024-11-20T10:42:10.000Z,76,10.0,17.105263157894736,221.0,10.0,1300.0
92234995,2024-11-20T11:14:51.000Z,43,15.0,782.0232558139535,5736.0,10.0,33627.0
92235495,2024-11-20T11:47:41.000Z,42,15.0,21.166666666666668,150.0,10.0,889.0
92235995,2024-11-20T12:20:31.000Z,36,15.0,20.77777777777778,221.0,11.0,748.0
92236495,2024-11-20T12:53:11.000Z,53,12.0,15.433962264150944,150.0,10.0,818.0
92236995,2024-11-20T13:26:01.000Z,42,12.0,16.738095238095237,150.0,10.0,703.0
92237495,2024-11-20T13:59:00.000Z,31,10.0,13.03225806451613,20.0,10.0,404.0
92237995,2024-11-20T14:32:00.000Z,57,11.0,13.0,30.0,10.0,741.0
92238495,2024-11-20T15:04:51.000Z,40,10.0,12.7,20.0,10.0,508.0
92238995,2024-11-20T15:37:50.000Z,43,10.0,17.906976744186046,221.0,10.0,770.0
92239495,2024-11-20T16:10:41.000Z,20,15.0,17.75,30.0,10.0,355.0
92239995,2024-11-20T16:43:40.000Z,54,12.0,14.12962962962963,30.0,10.0,763.0
92240495,2024-11-20T17:16:21.000Z,18,15.0,18.0,30.0,12.0,324.0
92240995,2024-11-20T17:49:11.000Z,37,15.0,303.4054054054054,5401.0,10.0,11226.0
92241495,2024-11-20T18:22:00.000Z,43,15.0,23.558139534883722,221.0,10.0,1013.0
92241995,2024-11-20T18:54:41.000Z,53,12.0,12.81132075471698,20.0,10.0,679.0
92242495,2024-11-20T19:27:21.000Z,40,11.5,13.125,20.0,10.0,525.0
92242995,2024-11-20T20:00:01.000Z,42,12.0,13.142857142857142,20.0,10.0,552.0
92243495,2024-11-20T20:32:50.000Z,48,10.0,12.5625,20.0,10.0,603.0
92243995,2024-11-20T21:05:21.000Z,34,15.0,15.029411764705882,30.0,10.0,511.0
92244495,2024-11-20T21:38:02.000Z,41,15.0,28.317073170731707,150.0,10.0,1161.0
92244995,2024-11-20T22:10:40.000Z,46,11.0,13.891304347826088,30.0,10.0,639.0
92245495,2024-11-20T22:43:10.000Z,46,10.0,12.695652173913043,20.0,10.0,584.0
92245995,2024-11-20T23:15:42.000Z,42,15.0,17.333333333333332,150.0,10.0,728.0
92246495,2024-11-20T23:48:11.000Z,26,15.0,16.46153846153846,30.0,10.0,428.0
92246995,2024-11-21T00:21:00.000Z,45,10.0,12.444444444444445,20.0,10.0,560.0
92247495,2024-11-21T00:53:40.000Z,22,20.0,26.5,150.0,12.0,583.0
92247995,2024-11-21T01:26:22.000Z,64,12.0,15.734375,150.0,10.0,1007.0
92248495,2024-11-21T01:59:01.000Z,42,15.0,1206.642857142857,50000.0,10.0,50679.0
92248995,2024-11-21T02:31:41.000Z,50,15.0,236.08,5604.0,10.0,11804.0
92249495,2024-11-21T03:04:21.000Z,32,15.0,16.46875,30.0,10.0,527.0
92249995,2024-11-21T03:37:11.000Z,40,15.0,19.45,150.0,10.0,778.0
92250495,2024-11-21T04:10:01.000Z,30,15.0,20.5,89.0,10.0,615.0
92250995,2024-11-21T04:43:01.000Z,55,12.0,16.418181818181818,150.0,10.0,903.0
92251495,2024-11-21T05:15:40.000Z,25,16.0,28.6,150.0,10.0,715.0
92251995,2024-11-21T05:48:21.000Z,30,15.0,24.533333333333335,150.0,12.0,736.0
92252495,2024-11-21T06:21:10.000Z,49,15.0,23.877551020408163,221.0,10.0,1170.0
92252995,2024-11-21T06:53:41.000Z,33,12.0,13.545454545454545,20.0,10.0,447.0
92253495,2024-11-21T07:26:10.000Z,39,15.0,15.435897435897436,30.0,10.0,602.0
92253995,2024-11-21T07:58:32.000Z,35,11.0,16.885714285714286,150.0,10.0,591.0
92254495,2024-11-21T08:31:01.000Z,28,15.0,14.321428571428571,20.0,10.0,401.0
92254995,2024-11-21T09:03:21.000Z,22,12.0,19.59090909090909,150.0,10.0,431.0
92255495,2024-11-21T09:35:51.000Z,19,15.0,27.0,221.0,12.0,513.0
92255995,2024-11-21T10:08:30.000Z,45,15.0,17.022222222222222,150.0,10.0,766.0
92256495,2024-11-21T10:41:30.000Z,27,15.0,19.59259259259259,150.0,10.0,529.0
92256995,2024-11-21T11:14:31.000Z,61,10.0,18.39344262295082,221.0,10.0,1122.0
92257495,2024-11-21T11:47:20.000Z,24,15.0,16.125,20.0,10.0,387.0
92257995,2024-11-21T12:20:11.000Z,29,15.0,14.137931034482758,20.0,10.0,410.0
92258495,2024-11-21T12:53:02.000Z,51,15.0,121.90196078431373,5350.0,10.0,6217.0
92258995,2024-11-21T13:26:11.000Z,55,10.0,23.2,221.0,10.0,1276.0
92259495,2024-11-21T13:59:00.000Z,59,10.0,12.305084745762711,20.0,10.0,726.0
92259995,2024-11-21T14:31:51.000Z,39,15.0,13.923076923076923,20.0,10.0,543.0
92260495,2024-11-21T15:04:51.000Z,31,15.0,21.322580645161292,221.0,10.0,661.0
92260995,2024-11-21T15:37:40.000Z,48,15.0,444.125,5136.0,10.0,21318.0
92261495,2024-11-21T16:10:32.000Z,58,15.0,23.93103448275862,221.0,10.0,1388.0
92261995,2024-11-21T16:43:31.000Z,34,10.5,167.94117647058823,5300.0,10.0,5710.0
92262495,2024-11-21T17:16:31.000Z,36,15.0,14.305555555555555,20.0,10.0,515.0
92262995,2024-11-21T17:49:30.000Z,32,13.5,179.03125,5300.0,10.0,5729.0
92263495,2024-11-21T18:22:31.000Z,74,10.0,19.89189189189189,221.0,10.0,1472.0
92263995,2024-11-21T18:55:31.000Z,62,15.0,16.467741935483872,221.0,10.0,1021.0
92264495,2024-11-21T19:28:40.000Z,49,12.0,19.877551020408163,221.0,10.0,974.0
92264995,2024-11-21T20:01:40.000Z,29,15.0,14.793103448275861,20.0,10.0,429.0
92265495,2024-11-21T20:34:32.000Z,40,15.0,13.65,20.0,10.0,546.0
92265995,2024-11-21T21:07:32.000Z,49,12.0,13.040816326530612,20.0,10.0,639.0
92266495,2024-11-21T21:40:31.000Z,23,15.0,14.391304347826088,20.0,10.0,331.0
92266995,2024-11-21T22:13:30.000Z,41,15.0,15.048780487804878,30.0,10.0,617.0
92267495,2024-11-21T22:46:20.000Z,21,15.0,25.61904761904762,221.0,10.0,538.0
92267995,2024-11-21T23:19:11.000Z,27,15.0,13.962962962962964,20.0,10.0,377.0
92268495,2024-11-21T23:52:10.000Z,59,15.0,110.35593220338983,5287.0,10.0,6511.0
92268995,2024-11-22T00:25:10.000Z,58,15.0,821.551724137931,5392.0,10.0,47650.0
92269495,2024-11-22T00:58:12.000Z,62,15.0,920.9677419354839,50000.0,10.0,57100.0
92269995,2024-11-22T01:31:20.000Z,82,15.0,18.829268292682926,221.0,10.0,1544.0
92270495,2024-11-22T02:04:20.000Z,55,10.0,15.0,150.0,10.0,825.0
92270995,2024-11-22T02:37:12.000Z,44,15.0,30.09090909090909,221.0,10.0,1324.0
92271495,2024-11-22T03:10:11.000Z,46,13.5,32.71739130434783,221.0,10.0,1505.0
92271995,2024-11-22T03:43:10.000Z,44,15.0,67.5909090909091,1000.0,10.0,2974.0
92272495,2024-11-22T04:16:01.000Z,46,15.0,13.717391304347826,20.0,10.0,631.0
92272995,2024-11-22T04:49:01.000Z,41,15.0,19.4390243902439,221.0,10.0,797.0
92273495,2024-11-22T05:22:00.000Z,77,12.0,668.5064935064935,50000.0,10.0,51475.0
92274495,2024-11-22T06:27:41.000Z,36,15.0,14.055555555555555,20.0,10.0,506.0
92274995,2024-11-22T07:00:21.000Z,40,12.0,16.475,150.0,10.0,659.0
92275495,2024-11-22T07:33:12.000Z,43,12.0,13.465116279069768,30.0,10.0,579.0
92275995,2024-11-22T08:06:11.000Z,55,12.0,16.8,221.0,10.0,924.0
92276495,2024-11-22T08:39:10.000Z,47,15.0,17.595744680851062,221.0,10.0,827.0
92276995,2024-11-22T09:11:50.000Z,30,15.0,15.133333333333333,20.0,10.0,454.0
92277495,2024-11-22T09:44:31.000Z,55,12.0,215.56363636363636,5562.0,10.0,11856.0
92277995,2024-11-22T10:17:12.000Z,50,15.0,16.22,150.0,10.0,811.0
92278495,2024-11-22T10:50:01.000Z,41,12.0,17.975609756097562,221.0,10.0,737.0
92278995,2024-11-22T11:23:00.000Z,49,10.0,11.979591836734693,20.0,10.0,587.0
92279495,2024-11-22T11:55:50.000Z,44,15.0,134.8181818181818,5331.0,10.0,5932.0
92279995,2024-11-22T12:28:50.000Z,36,11.0,12.555555555555555,20.0,10.0,452.0
92280495,2024-11-22T13:01:41.000Z,70,10.0,735.8428571428572,50000.0,10.0,51509.0
92280995,2024-11-22T13:34:40.000Z,91,10.0,20.12087912087912,221.0,10.0,1831.0
92281495,2024-11-22T14:07:40.000Z,63,15.0,23.761904761904763,221.0,10.0,1497.0
92281995,2024-11-22T14:40:31.000Z,38,12.0,28.605263157894736,221.0,10.0,1087.0
92282495,2024-11-22T15:13:20.000Z,48,12.0,16.854166666666668,221.0,10.0,809.0
92282995,2024-11-22T15:46:11.000Z,54,12.0,23.74074074074074,221.0,10.0,1282.0
92283495,2024-11-22T16:19:00.000Z,57,12.0,16.228070175438596,221.0,10.0,925.0
92283995,2024-11-22T16:52:00.000Z,47,12.0,150.10638297872342,2000.0,10.0,7055.0
92284495,2024-11-22T17:24:42.000Z,47,15.0,25.127659574468087,221.0,10.0,1181.0
92284995,2024-11-22T17:57:32.000Z,25,15.0,28.92,221.0,10.0,723.0
92285495,2024-11-22T18:30:30.000Z,52,12.0,20.46153846153846,221.0,10.0,1064.0
92285995,2024-11-22T19:03:20.000Z,68,15.0,669.1029411764706,5467.0,10.0,45499.0
92286495,2024-11-22T19:36:12.000Z,44,11.5,12.818181818181818,20.0,10.0,564.0
92286995,2024-11-22T20:09:02.000Z,19,10.0,10.789473684210526,20.0,10.0,205.0
92287495,2024-11-22T20:42:01.000Z,37,12.0,12.297297297297296,20.0,10.0,455.0
92287995,2024-11-22T21:14:52.000Z,47,15.0,14.53191489361702,30.0,10.0,683.0
92288495,2024-11-22T21:47:31.000Z,48,15.0,20.875,221.0,10.0,1002.0
92288995,2024-11-22T22:20:30.000Z,58,12.0,16.0,221.0,10.0,928.0
92289495,2024-11-22T22:53:12.000Z,34,15.0,175.97058823529412,5387.0,10.0,5983.0
92289995,2024-11-22T23:26:01.000Z,31,10.0,11.225806451612904,20.0,10.0,348.0
92290495,2024-11-22T23:58:40.000Z,38,15.0,28.736842105263158,221.0,10.0,1092.0
92290995,2024-11-23T00:31:31.000Z,50,12.0,20.6,150.0,10.0,1030.0
92291495,2024-11-23T01:04:32.000Z,52,10.0,17.98076923076923,150.0,10.0,935.0
92291995,2024-11-23T01:37:30.000Z,40,12.0,20.925,221.0,10.0,837.0
92292495,2024-11-23T02:10:12.000Z,51,12.0,347.2549019607843,6207.0,10.0,17710.0
92292995,2024-11-23T02:43:01.000Z,65,10.0,178.43076923076924,5451.0,10.0,11598.0
92293495,2024-11-23T03:15:50.000Z,62,10.0,14.225806451612904,150.0,10.0,882.0
92293995,2024-11-23T03:48:30.000Z,62,10.0,12.306451612903226,20.0,10.0,763.0
92294495,2024-11-23T04:21:20.000Z,61,11.0,14.557377049180328,150.0,10.0,888.0
92294995,2024-11-23T04:54:01.000Z,60,11.0,19.583333333333332,221.0,10.0,1175.0
92295495,2024-11-23T05:26:40.000Z,31,11.0,17.193548387096776,150.0,10.0,533.0
92295995,2024-11-23T05:59:30.000Z,45,11.0,15.488888888888889,150.0,10.0,697.0
92296495,2024-11-23T06:32:10.000Z,29,10.0,15.89655172413793,108.0,10.0,461.0
92296995,2024-11-23T07:04:42.000Z,31,10.0,12.838709677419354,20.0,10.0,398.0
92297495,2024-11-23T07:37:12.000Z,79,15.0,2214.3037974683543,50000.0,10.0,174930.0
92297995,2024-11-23T08:10:00.000Z,48,12.0,21.458333333333332,221.0,10.0,1030.0
92298495,2024-11-23T08:42:40.000Z,30,15.0,30.3,221.0,10.0,909.0
92298995,2024-11-23T09:15:11.000Z,75,15.0,2086.64,7222.0,10.0,156498.0
92299495,2024-11-23T09:47:50.000Z,40,11.0,23.15,150.0,10.0,926.0
92299995,2024-11-23T10:20:30.000Z,27,12.0,12.62962962962963,15.0,10.0,341.0
92300495,2024-11-23T10:53:01.000Z,54,10.0,11.722222222222221,20.0,10.0,633.0
92300995,2024-11-23T11:25:30.000Z,18,15.0,15.166666666666666,20.0,10.0,273.0
92301495,2024-11-23T11:58:11.000Z,47,15.0,31.914893617021278,221.0,10.0,1500.0
92301995,2024-11-23T12:31:01.000Z,35,15.0,23.485714285714284,221.0,10.0,822.0
92302495,2024-11-23T13:03:51.000Z,42,10.0,12.547619047619047,20.0,10.0,527.0
92302995,2024-11-23T13:36:41.000Z,36,10.0,14.61111111111111,100.0,10.0,526.0
92303495,2024-11-23T14:09:21.000Z,50,10.0,11.74,20.0,10.0,587.0
92303995,2024-11-23T14:42:10.000Z,44,10.0,16.795454545454547,221.0,10.0,739.0
92304495,2024-11-23T15:14:50.000Z,25,15.0,15.2,20.0,10.0,380.0
92304995,2024-11-23T15:47:31.000Z,60,11.5,16.083333333333332,221.0,10.0,965.0
92305495,2024-11-23T16:20:21.000Z,43,15.0,1156.6279069767443,5606.0,10.0,49735.0
92305995,2024-11-23T16:53:22.000Z,65,10.0,100.46153846153847,5398.0,10.0,6530.0
92306495,2024-11-23T17:26:21.000Z,56,12.0,15.196428571428571,150.0,10.0,851.0
92306995,2024-11-23T17:59:20.000Z,77,12.0,18.09090909090909,221.0,10.0,1393.0
92307495,2024-11-23T18:32:10.000Z,44,11.0,154.4090909090909,6034.0,10.0,6794.0
92307995,2024-11-23T19:04:51.000Z,43,15.0,20.511627906976745,150.0,10.0,882.0
92308495,2024-11-23T19:37:41.000Z,43,15.0,18.74418604651163,221.0,10.0,806.0
92308995,2024-11-23T20:10:32.000Z,40,11.0,13.025,20.0,10.0,521.0
92309495,2024-11-23T20:43:31.000Z,63,12.0,13.063492063492063,20.0,10.0,823.0
92309995,2024-11-23T21:16:21.000Z,16,17.5,39.875,150.0,10.0,638.0
92310495,2024-11-23T21:49:11.000Z,19,15.0,33.421052631578945,221.0,10.0,635.0
92310995,2024-11-23T22:22:02.000Z,49,15.0,13.285714285714286,20.0,10.0,651.0
92311495,2024-11-23T22:54:50.000Z,29,10.0,11.586206896551724,20.0,10.0,336.0
92311995,2024-11-23T23:27:20.000Z,31,15.0,20.806451612903224,221.0,10.0,645.0
92312495,2024-11-24T00:00:10.000Z,32,11.0,26.0,221.0,10.0,832.0
92312995,2024-11-24T00:33:01.000Z,62,11.0,19.193548387096776,221.0,10.0,1190.0
92313495,2024-11-24T01:06:00.000Z,46,13.5,264.2173913043478,5471.0,10.0,12154.0
92313995,2024-11-24T01:38:41.000Z,25,15.0,20.08,150.0,11.0,502.0
92314495,2024-11-24T02:11:31.000Z,48,15.0,25.854166666666668,221.0,10.0,1241.0
92314995,2024-11-24T02:44:11.000Z,32,12.0,12.9375,20.0,10.0,414.0
92315495,2024-11-24T03:16:52.000Z,41,11.0,16.121951219512194,150.0,10.0,661.0
92315995,2024-11-24T03:49:42.000Z,40,12.0,19.2,150.0,10.0,768.0
92316495,2024-11-24T04:22:12.000Z,51,10.0,24.019607843137255,221.0,10.0,1225.0
92316995,2024-11-24T04:54:51.000Z,44,10.0,13.136363636363637,30.0,10.0,578.0
92317495,2024-11-24T05:27:12.000Z,69,10.0,16.28985507246377,221.0,10.0,1124.0
92317995,2024-11-24T05:59:51.000Z,37,15.0,17.56756756756757,150.0,10.0,650.0
92318495,2024-11-24T06:32:30.000Z,32,15.0,33.625,221.0,10.0,1076.0
92318995,2024-11-24T07:05:02.000Z,28,11.0,12.642857142857142,15.0,10.0,354.0
92319495,2024-11-24T07:37:42.000Z,30,15.0,29.366666666666667,221.0,10.0,881.0
92319995,2024-11-24T08:10:21.000Z,33,12.0,12.666666666666666,20.0,10.0,418.0
92320495,2024-11-24T08:42:51.000Z,50,11.0,21.9,221.0,10.0,1095.0
92320995,2024-11-24T09:15:30.000Z,39,11.0,15.974358974358974,150.0,10.0,623.0
92321495,2024-11-24T09:48:02.000Z,35,15.0,25.285714285714285,150.0,10.0,885.0
92321995,2024-11-24T10:20:30.000Z,41,11.0,272.3170731707317,5198.0,10.0,11165.0
92322495,2024-11-24T10:53:00.000Z,18,13.5,13.88888888888889,20.0,10.0,250.0
92322995,2024-11-24T11:25:50.000Z,55,12.0,21.945454545454545,221.0,10.0,1207.0
92323495,2024-11-24T11:58:32.000Z,83,11.0,210.6867469879518,5307.0,10.0,17487.0
92323995,2024-11-24T12:31:02.000Z,54,15.0,121.55555555555556,5326.0,10.0,6564.0
92324495,2024-11-24T13:04:10.000Z,59,15.0,287.8474576271187,5415.0,10.0,16983.0
92324995,2024-11-24T13:37:01.000Z,37,12.0,18.89189189189189,221.0,10.0,699.0
92325495,2024-11-24T14:09:50.000Z,52,12.0,15.673076923076923,150.0,10.0,815.0
92325995,2024-11-24T14:42:40.000Z,46,10.0,17.76086956521739,150.0,10.0,817.0
92326495,2024-11-24T15:15:32.000Z,68,11.0,250.76470588235293,5142.0,10.0,17052.0
92326995,2024-11-24T15:48:30.000Z,51,12.0,13.313725490196079,20.0,10.0,679.0
92327495,2024-11-24T16:21:22.000Z,66,12.0,18.636363636363637,150.0,10.0,1230.0
92327995,2024-11-24T16:54:12.000Z,60,12.0,18.583333333333332,221.0,10.0,1115.0
92328495,2024-11-24T17:27:01.000Z,60,10.5,12.583333333333334,20.0,10.0,755.0
92328995,2024-11-24T17:59:52.000Z,29,15.0,14.413793103448276,20.0,10.0,418.0
92329495,2024-11-24T18:32:50.000Z,38,15.0,16.55263157894737,30.0,10.0,629.0
92329995,2024-11-24T19:05:40.000Z,66,10.5,13.469696969696969,30.0,10.0,889.0
92330495,2024-11-24T19:38:31.000Z,69,15.0,17.869565217391305,221.0,10.0,1233.0
92330995,2024-11-24T20:11:20.000Z,31,12.0,12.870967741935484,20.0,10.0,399.0
92331495,2024-11-24T20:44:10.000Z,49,11.0,13.040816326530612,30.0,10.0,639.0
92331995,2024-11-24T21:16:52.000Z,48,13.5,33.229166666666664,221.0,10.0,1595.0
92332495,2024-11-24T21:49:50.000Z,13,15.0,16.23076923076923,20.0,10.0,211.0
92332995,2024-11-24T22:22:32.000Z,27,12.0,26.14814814814815,150.0,10.0,706.0
92333495,2024-11-24T22:55:21.000Z,44,12.0,19.681818181818183,150.0,10.0,866.0
92333995,2024-11-24T23:28:01.000Z,28,13.5,13.357142857142858,20.0,10.0,374.0
92334495,2024-11-25T00:00:50.000Z,57,15.0,225.08771929824562,5807.0,10.0,12830.0
92334995,2024-11-25T00:33:42.000Z,54,11.0,12.833333333333334,20.0,10.0,693.0
92335495,2024-11-25T01:06:31.000Z,75,11.0,12.84,20.0,10.0,963.0
92335995,2024-11-25T01:39:31.000Z,43,15.0,16.976744186046513,150.0,10.0,730.0
92336495,2024-11-25T02:12:31.000Z,43,10.0,12.30232558139535,20.0,10.0,529.0
92336995,2024-11-25T02:45:22.000Z,37,15.0,14.297297297297296,20.0,10.0,529.0
92337495,2024-11-25T03:18:10.000Z,43,12.0,29.74418604651163,150.0,10.0,1279.0
92337995,2024-11-25T03:50:51.000Z,39,15.0,196.12820512820514,1000.0,10.0,7649.0
92338495,2024-11-25T04:23:50.000Z,79,15.0,292.2911392405063,5296.0,10.0,23091.0
92338995,2024-11-25T04:56:41.000Z,58,15.0,30.448275862068964,150.0,10.0,1766.0
92339495,2024-11-25T05:29:30.000Z,26,13.5,26.692307692307693,100.0,10.0,694.0
92339995,2024-11-25T06:02:10.000Z,28,13.5,12.75,15.0,10.0,357.0
92340495,2024-11-25T06:35:00.000Z,29,15.0,13.517241379310345,20.0,10.0,392.0
92340995,2024-11-25T07:07:50.000Z,36,13.5,16.583333333333332,108.0,10.0,597.0
92341495,2024-11-25T07:41:00.000Z,52,12.0,20.692307692307693,150.0,10.0,1076.0
92341995,2024-11-25T08:14:00.000Z,45,15.0,28.57777777777778,150.0,10.0,1286.0
92342495,2024-11-25T08:47:01.000Z,31,15.0,26.70967741935484,150.0,10.0,828.0
92342995,2024-11-25T09:20:02.000Z,35,15.0,14.17142857142857,20.0,10.0,496.0
92343495,2024-11-25T09:53:10.000Z,60,15.0,17.133333333333333,221.0,10.0,1028.0
92343995,2024-11-25T10:26:02.000Z,52,13.5,12.98076923076923,20.0,10.0,675.0
92344495,2024-11-25T10:59:00.000Z,43,15.0,267.06976744186045,5439.0,10.0,11484.0
92344995,2024-11-25T11:32:00.000Z,48,11.0,15.354166666666666,150.0,10.0,737.0
92345495,2024-11-25T12:04:51.000Z,39,15.0,24.05128205128205,150.0,10.0,938.0
92345995,2024-11-25T12:37:42.000Z,48,12.0,18.6875,150.0,10.0,897.0
92346495,2024-11-25T13:10:42.000Z,48,15.0,900.9583333333334,5599.0,10.0,43246.0
92347495,2024-11-25T14:16:11.000Z,26,15.0,303.38461538461536,7543.0,10.0,7888.0
92347995,2024-11-25T14:49:01.000Z,35,15.0,19.257142857142856,200.0,10.0,674.0
92348495,2024-11-25T15:22:11.000Z,66,12.0,381.3787878787879,6231.0,10.0,25171.0
92348995,2024-11-25T15:55:11.000Z,36,12.0,37.083333333333336,150.0,10.0,1335.0
92349495,2024-11-25T16:28:20.000Z,91,15.0,259.5824175824176,5353.0,10.0,23622.0
92349995,2024-11-25T17:01:30.000Z,63,10.0,19.349206349206348,169.0,10.0,1219.0
92350495,2024-11-25T17:34:32.000Z,49,11.0,15.775510204081632,150.0,10.0,773.0
92350995,2024-11-25T18:07:21.000Z,40,12.0,13.025,20.0,10.0,521.0
92351495,2024-11-25T18:40:12.000Z,56,11.5,14.125,30.0,10.0,791.0
92351995,2024-11-25T19:13:10.000Z,34,15.0,17.823529411764707,150.0,10.0,606.0
92352495,2024-11-25T19:46:01.000Z,55,12.0,12.745454545454546,20.0,10.0,701.0
92352995,2024-11-25T20:19:01.000Z,56,12.0,19.017857142857142,150.0,10.0,1065.0
92353495,2024-11-25T20:52:00.000Z,50,12.0,13.12,20.0,10.0,656.0
92353995,2024-11-25T21:24:42.000Z,50,15.0,20.66,150.0,10.0,1033.0
92354495,2024-11-25T21:57:50.000Z,27,15.0,399.25925925925924,5224.0,12.0,10780.0
92354995,2024-11-25T22:30:31.000Z,51,15.0,226.64705882352942,5384.0,10.0,11559.0
92355495,2024-11-25T23:03:30.000Z,46,10.0,12.73913043478261,20.0,10.0,586.0
92355995,2024-11-25T23:36:11.000Z,61,11.0,16.9672131147541,150.0,10.0,1035.0
92356495,2024-11-26T00:09:00.000Z,18,15.0,15.333333333333334,20.0,10.0,276.0
92356995,2024-11-26T00:41:42.000Z,40,11.0,16.325,150.0,10.0,653.0
92357495,2024-11-26T01:14:41.000Z,35,15.0,15.028571428571428,30.0,10.0,526.0
92357995,2024-11-26T01:47:40.000Z,25,15.0,14.48,20.0,10.0,362.0
92358495,2024-11-26T02:20:40.000Z,44,15.0,18.386363636363637,221.0,10.0,809.0
92358995,2024-11-26T02:53:51.000Z,31,15.0,1626.516129032258,50000.0,10.0,50422.0
92359495,2024-11-26T03:27:01.000Z,31,15.0,14.35483870967742,20.0,10.0,445.0
92359995,2024-11-26T04:00:00.000Z,42,12.0,13.904761904761905,30.0,10.0,584.0
92360495,2024-11-26T04:32:51.000Z,32,15.0,17.9375,150.0,10.0,574.0
92360995,2024-11-26T05:05:51.000Z,29,15.0,19.17241379310345,150.0,10.0,556.0
92361495,2024-11-26T05:38:41.000Z,18,15.0,17.38888888888889,30.0,10.0,313.0
92361995,2024-11-26T06:11:30.000Z,27,15.0,20.037037037037038,150.0,10.0,541.0
92362495,2024-11-26T06:44:20.000Z,18,15.0,14.944444444444445,20.0,10.0,269.0
92362995,2024-11-26T07:17:01.000Z,50,12.0,232.74,5530.0,10.0,11637.0
92363495,2024-11-26T07:49:50.000Z,26,15.0,20.076923076923077,150.0,10.0,522.0
92363995,2024-11-26T08:22:32.000Z,50,15.0,16.66,150.0,10.0,833.0
92364495,2024-11-26T08:55:41.000Z,55,12.0,13.290909090909091,30.0,10.0,731.0
92364995,2024-11-26T09:28:31.000Z,40,12.0,13.45,20.0,10.0,538.0
92365495,2024-11-26T10:01:30.000Z,61,10.0,12.950819672131148,30.0,10.0,790.0
92365995,2024-11-26T10:34:22.000Z,56,12.0,14.535714285714286,93.0,10.0,814.0
92366495,2024-11-26T11:07:20.000Z,77,11.0,16.155844155844157,150.0,10.0,1244.0
92366995,2024-11-26T11:40:22.000Z,48,15.0,14.479166666666666,20.0,10.0,695.0
92367495,2024-11-26T12:13:31.000Z,30,15.0,14.333333333333334,20.0,10.0,430.0
92367995,2024-11-26T12:46:21.000Z,73,11.0,12.684931506849315,20.0,10.0,926.0
92368495,2024-11-26T13:19:30.000Z,45,15.0,32.06666666666667,150.0,10.0,1443.0
92368995,2024-11-26T13:52:30.000Z,45,12.0,16.044444444444444,150.0,10.0,722.0
92369495,2024-11-26T14:25:22.000Z,56,12.0,20.732142857142858,150.0,10.0,1161.0
92369995,2024-11-26T14:58:30.000Z,47,12.0,19.02127659574468,150.0,10.0,894.0
92370495,2024-11-26T15:31:22.000Z,32,15.0,13.59375,20.0,10.0,435.0
92370995,2024-11-26T16:04:11.000Z,60,12.0,104.4,5300.0,10.0,6264.0
92371495,2024-11-26T16:37:10.000Z,42,15.0,1217.4285714285713,50000.0,10.0,51132.0
92371995,2024-11-26T17:10:01.000Z,51,12.0,12.666666666666666,20.0,10.0,646.0
92372495,2024-11-26T17:43:01.000Z,56,11.0,15.232142857142858,150.0,10.0,853.0
92372995,2024-11-26T18:15:52.000Z,79,12.0,342.56962025316454,5207.0,10.0,27063.0
92373495,2024-11-26T18:48:51.000Z,54,12.0,12.907407407407407,20.0,10.0,697.0
92373995,2024-11-26T19:21:42.000Z,53,15.0,26.943396226415093,221.0,10.0,1428.0
92374495,2024-11-26T19:54:41.000Z,57,11.0,12.736842105263158,20.0,10.0,726.0
92374995,2024-11-26T20:27:41.000Z,59,12.0,103.71186440677967,5046.0,10.0,6119.0
92375495,2024-11-26T21:00:42.000Z,61,12.0,222.78688524590163,6662.0,10.0,13590.0
92375995,2024-11-26T21:33:50.000Z,45,15.0,13.733333333333333,20.0,10.0,618.0
92376495,2024-11-26T22:06:50.000Z,30,12.0,13.666666666666666,20.0,10.0,410.0
92376995,2024-11-26T22:39:40.000Z,36,15.0,14.36111111111111,20.0,10.0,517.0
92377495,2024-11-26T23:12:41.000Z,34,15.0,25.558823529411764,150.0,10.0,869.0
92377995,2024-11-26T23:45:31.000Z,42,12.0,16.61904761904762,150.0,10.0,698.0
92378495,2024-11-27T00:18:22.000Z,28,15.0,18.785714285714285,150.0,10.0,526.0
92378995,2024-11-27T00:51:30.000Z,61,15.0,878.4262295081967,6064.0,10.0,53584.0
92379495,2024-11-27T01:24:20.000Z,69,11.0,27.507246376811594,221.0,10.0,1898.0
92379995,2024-11-27T01:57:21.000Z,54,11.0,13.055555555555555,30.0,10.0,705.0
92380495,2024-11-27T02:30:20.000Z,34,15.0,14.558823529411764,30.0,10.0,495.0
92380995,2024-11-27T03:03:20.000Z,42,11.0,19.30952380952381,150.0,10.0,811.0
92381495,2024-11-27T03:36:11.000Z,27,15.0,14.62962962962963,20.0,12.0,395.0
92381995,2024-11-27T04:09:10.000Z,47,12.0,13.148936170212766,20.0,10.0,618.0
92382495,2024-11-27T04:42:10.000Z,30,13.5,20.5,221.0,10.0,615.0
92382995,2024-11-27T05:15:01.000Z,41,15.0,14.902439024390244,30.0,10.0,611.0
92383495,2024-11-27T05:48:00.000Z,41,15.0,16.585365853658537,150.0,10.0,680.0
92383995,2024-11-27T06:20:50.000Z,48,10.0,12.75,20.0,10.0,612.0
92384495,2024-11-27T06:53:40.000Z,34,12.0,13.294117647058824,20.0,10.0,452.0
92384995,2024-11-27T07:26:12.000Z,33,12.0,16.636363636363637,100.0,10.0,549.0
92385495,2024-11-27T07:59:01.000Z,53,12.0,20.77358490566038,150.0,10.0,1101.0
92385995,2024-11-27T08:31:50.000Z,43,12.0,25.953488372093023,221.0,10.0,1116.0
92386495,2024-11-27T09:04:31.000Z,38,15.0,14.552631578947368,20.0,11.0,553.0
92386995,2024-11-27T09:37:20.000Z,32,15.0,224.5,5966.0,10.0,7184.0
92387495,2024-11-27T10:10:10.000Z,35,15.0,19.0,150.0,10.0,665.0
92387995,2024-11-27T10:43:10.000Z,49,15.0,16.040816326530614,150.0,10.0,786.0
92388495,2024-11-27T11:16:00.000Z,41,12.0,18.463414634146343,150.0,10.0,757.0
92388995,2024-11-27T11:48:40.000Z,26,12.0,13.115384615384615,20.0,10.0,341.0
92389495,2024-11-27T12:21:02.000Z,38,13.5,13.5,20.0,10.0,513.0
92389995,2024-11-27T12:53:41.000Z,30,15.0,21.866666666666667,221.0,10.0,656.0
92390495,2024-11-27T13:26:11.000Z,38,12.0,13.342105263157896,20.0,10.0,507.0
92390995,2024-11-27T13:58:32.000Z,36,15.0,27.583333333333332,221.0,10.0,993.0
92391495,2024-11-27T14:31:10.000Z,71,10.0,16.704225352112676,221.0,10.0,1186.0
92391995,2024-11-27T15:03:51.000Z,51,15.0,13.235294117647058,20.0,10.0,675.0
92392495,2024-11-27T15:36:40.000Z,45,11.0,18.88888888888889,221.0,10.0,850.0
92392995,2024-11-27T16:09:31.000Z,66,10.0,18.59090909090909,221.0,10.0,1227.0
92393495,2024-11-27T16:42:10.000Z,26,15.0,15.26923076923077,20.0,10.0,397.0
92393995,2024-11-27T17:14:42.000Z,42,13.5,23.047619047619047,150.0,10.0,968.0
92394495,2024-11-27T17:47:20.000Z,56,15.0,13.678571428571429,20.0,10.0,766.0
92394995,2024-11-27T18:20:01.000Z,42,15.0,20.404761904761905,221.0,10.0,857.0
92395495,2024-11-27T18:52:41.000Z,39,12.0,152.43589743589743,5217.0,10.0,5945.0
92395995,2024-11-27T19:25:21.000Z,34,15.0,35.73529411764706,221.0,10.0,1215.0
92396495,2024-11-27T19:58:10.000Z,43,10.0,13.023255813953488,30.0,10.0,560.0
92396995,2024-11-27T20:31:01.000Z,60,10.0,21.366666666666667,221.0,10.0,1282.0
92397495,2024-11-27T21:03:50.000Z,40,15.0,14.85,20.0,10.0,594.0
92397995,2024-11-27T21:36:30.000Z,44,12.0,17.522727272727273,221.0,10.0,771.0
92398495,2024-11-27T22:09:20.000Z,55,10.0,218.07272727272726,5511.0,10.0,11994.0
92398995,2024-11-27T22:42:10.000Z,27,12.0,760.7407407407408,10000.0,10.0,20540.0
92399495,2024-11-27T23:14:50.000Z,34,10.0,22.823529411764707,221.0,10.0,776.0
