Code,Issuer
XRP,
CNY,rKiCet8SdvWxPXnAgYarFUXMh1zCPz432Y
USD,rhub8VRN55s94qWKDv6jmDy1pUykJzF3wq
USD,rvYAfWj5gh67oV6fW32ZzP3Aw4Eubs59B
BPM,rDBMvpjV6DoWvr3LqMUG8JBgd4QbBoU1E2
4249547800000000000000000000000000000000,rBitcoiNXev8VoVxV7pwoQx1sSfonVP9i3
BCH,rcyS4CeCZVYvTiKcxj6Sx32ibKwcDHLds
4C52554200000000000000000000000000000000,rnyGDFEqnNwpyzievKCMhHUi4xs6HnUqPA
4C45555200000000000000000000000000000000,rfL4Sci2ag5hhkpDuqtWYov6j3mshVWLgU
ADV,rPneN8WPHZJaMT9pF4Ynyyq4pZZZSeTuHu
4F70756C656E6365000000000000000000000000,rs5wxrBTSErywDDfPs5NY4Zorrca5QMGVd
BTC,rchGBxcD1A1C2tdxF6papQYZ8kjRKMYcL
434F524500000000000000000000000000000000,rcoreNywaoz2ZCQ8Lg2EbSLnGuRBmun6D
ETH,rcA8X3TVMST1n3CJeAdGk1RdRCHii7N2h
5553445400000000000000000000000000000000,rcvxE9PS9YBwxtGg1qNeewV6ZB3wGubZq
DSH,rcXY84C4g14iFp6taFXjjQGVeHqSCh9RX
ATM,raDZ4t8WPXkmDfJWMLBcNZmmSHmBC523NZ
5341564500000000000000000000000000000000,rfAJaM2jr8frHwcXY52gLeqDEUmAFmzqFT
534F4C4F00000000000000000000000000000000,rsoLo2S1kiGeCcn6hCUXVrCpGMWLrRrLZz
OVO,r3jQzqfGVagsWNbSxMJpQV8VK7jHHmdv5j
7853504543544152000000000000000000000000,rh5jzTCdMRCVjQ7LT6zucjezC47KATkuvv
5377697373546563680000000000000000000000,raq7pGaYrLZRa88v6Py9V5oWMYEqPYr8Tz
4368617269747900000000000000000000000000,rGfX5v4zHeu6SpepPzoHwwFPWUbKVGLCBS
457175696C69627269756D000000000000000000,rpakCr61Q92abPXJnVboKENmpKssWyHpwu
5265646479000000000000000000000000000000,rw5Kdcm1vW4xVefFafjMbevs5SL9fYP36U
RPR,r3qWgpz2ry3BhcRJ8JE6rxM8esrfhuKp4R
XDX,rMJAXYsbNzhwp7FfYnAsYP5ty3R9XnurPo
5452535259000000000000000000000000000000,rLBnhMjV6ifEHYeV4gaS6jPKerZhQddFxW
5852646F67650000000000000000000000000000,rLqUC2eCPohYvJCEBJ77eCCqVL2uEiczjA
SGB,rctArjqVvTHihekzDeecKo6mkTYTUSBNc
XGO,rXGoXGoNeTTjPFVjzsmWWdFAMp7Lv3P4i
4169436174000000000000000000000000000000,rfL6wAE6J5dFG8cCuRxA9SsUSPREDaN3q7
MAG,rXmagwMmnFtVet3uL26Q2iwk287SRvVMJ
5553444300000000000000000000000000000000,rcEGREd8NmkKRE8GE424sksyt1tJVFZwu
50454F504C450000000000000000000000000000,rfY6rBycwpcyt49TGFvaVAoib3qmcWJERC
XUP,rXRPUPwULfAdDm1ykLmA7g9FbWMAhgdgg
CNY,rJ1adrpGS3xsnQMb9Cw54tWJVFPuSdZHK
44524F5000000000000000000000000000000000,rszenFJoDdiGjyezQc8pME9KWDQH43Tswh
5852505300000000000000000000000000000000,rN1bCPAxHDvyJzvkUso1L2wvXufgE4gXPL
XAG,rpG9E7B3ocgaKqG7vmrsu3jmGwex8W4xAG
EUR,rhub8VRN55s94qWKDv6jmDy1pUykJzF3wq
BTC,rvYAfWj5gh67oV6fW32ZzP3Aw4Eubs59B
586F676500000000000000000000000000000000,rJMtvf5B3GbuFMrqybh5wYVXEH4QE8VyU1
POP,rDQvdRdJCfRGraBygUbV1JsMCHBmRdsdNV
5853616974616D61000000000000000000000000,rwUSJdemymbvn8WRa3WutKkVMrjkLpiFNy
5853515541440000000000000000000000000000,roBYiFtZsTRpWEUw6TtpUCwZCfjcQeRBg
XLM,rKiCet8SdvWxPXnAgYarFUXMh1zCPz432Y
ETH,rvYAfWj5gh67oV6fW32ZzP3Aw4Eubs59B
5349474D41000000000000000000000000000000,rfKYWZ84fm9eVEdoTcsQCo1WdqMPyaUF5z
58434F5245000000000000000000000000000000,r3dVizzUAS3U29WKaaSALqkieytA2LCoRe
XAH,rswh1fvyLqHizBS2awu1vs6QcmwTBd9qiv
USD,rKiCet8SdvWxPXnAgYarFUXMh1zCPz432Y
5847424C00000000000000000000000000000000,rMy6sCaDVF1C2BT3qmNG6kgjVDZqZ74uoF
XIO,rfuzioNFTKArnU1PQD5BEF272vpbHMRoxU
404,raHJ4Jz9PYk356wWaDMYw79B17iWtfsSMi
TPR,rht98AstPWmLPQMrwd9YDrcDoTjw9Tiu4B
24464C4950505900000000000000000000000000,rsENFmELvj92orrCKTkDTug53MzwsB7zBd
POZ,rpvbUsHkJ91rGTa9gShUQU6jzLrFBgsVe3
4241594E414E4100000000000000000000000000,rJ9uU9jKxNcsNQM2CLKUhPxNn8P4xmhDVq
4245415200000000000000000000000000000000,rBEARGUAsyu7tUw53rufQzFdWmJHpJEqFW
XPM,rXPMxBeefHGxx2K7g5qmmWq3gFsgawkoa
466163746F726100000000000000000000000000,rLvvgXHiL7weCDJr3uxaqnjc8aZuf4JNAV
RLT,rUetS7kbVYJZ76za5ywa1DgViNZMgT9Bvq
PLR,rNSYhWLhuHvmURwWbJPBKZMSPsyG5Qek17
47414C4100000000000000000000000000000000,rf5YPb9y9P3fTjhxNaZqmrwaj5ar8PG1gM
TPC,rG5V4BAhSAb8LHQwZpTa13FrtNwygF1AEd
584D454D45000000000000000000000000000000,r4UPddYeGeZgDhSGPkooURsQtmGda4oYQW
5A52505900000000000000000000000000000000,rsxkrpsYaeTUdciSFJwvto7MKSrgGnvYvA
6D756C6100000000000000000000000000000000,rMULA5hkZqsu7545NPnJZfu5ghKxuRbCro
41524D5900000000000000000000000000000000,r319FqohpKLwjtcV2mosyC5sy125fDk4uH
STX,rSTAYKxF2K77ZLZ8GoAwTqPGaphAqMyXV
585241494E000000000000000000000000000000,rh3tLHbXwZsp7eciw2Qp8g7bN9RnyGa2pF
5357495443480000000000000000000000000000,rJ8jyXpdAZhfxMamtLadk8LYFxd1ff6iKQ
XVR,rRCA6gnPkvpKmWwfcYxHQ845gFQ5ThYQe
585250466F780000000000000000000000000000,rEGg1YtoGRRK341u1zpCst24tyk8MDLGzd
464C414D45000000000000000000000000000000,rp5CUgVjAhuthJs8LdjTXFdNWJzfQqc3p2
CSC,rCSCManTZ8ME9EoLrSHHYKW8PPwWMgkwr
5348494200000000000000000000000000000000,rfY6rBycwpcyt49TGFvaVAoib3qmcWJERC
FLR,rcxJwVnftZzXqyH9YheB8TgeiZUhNo1Eu
BTC,raPhno5Bpmch3oWwqXy6e4vgQeidKknBTC
58464C4F4B490000000000000000000000000000,rUtXeAXonpFpgKubAa7LxcLd7NFep92T1t
4C54574400000000000000000000000000000000,rnyGDFEqnNwpyzievKCMhHUi4xs6HnUqPA
5941525252000000000000000000000000000000,rDrk912fwtHiSyMYtq94xp4kK4mWgu4CdF
XNX,raDDJZ73m7ouH4CSTdiFS4fJ6GWctt2qVF
ape,rnxGEQytwx7jDfoKXfot9G4gQ1pbuHwf9m
EVR,ra9g3LAJm9xJu8Awe7oWzR6VXFB1mpFtSe
5641444552000000000000000000000000000000,rLWjpcGvhmwwySuqxutEnZsQDkyGgijApz
4D4F464F00000000000000000000000000000000,rPzMosAb5zNhPh6hmHYqiNvGrimWFSU8Tj
MFX,rfUhMQYijKvStp96CUxDNp8ukYJAebNrJ1
ARK,rf5Jzzy6oAFBJjLhokha1v8pXVgYYjee3b
ASC,r3qWgpz2ry3BhcRJ8JE6rxM8esrfhuKp4R
444F4E4E49450000000000000000000000000000,rhhaVvZF69sQBgiDuM2avL2pbrryT5cGTF
636F7265756D3763386562323965303700000000,rxXXXeMX8Gy5YvibvGLnQJ1XKKD7UswM1
4348494E47000000000000000000000000000000,raeatrkxnL8rLu8a6mqmBzoGeGtFHoFLZg
LTC,rcRzGWq6Ng3jeYhqnmM4zcWcUh69hrQ8V
43616C6F72696500000000000000000000000000,rNqGa93B8ewQP9mUwpwqA19SApbf62U7PY
CFC,rsxUkmjnAn8PRDz8RYrPusb9mTDYn5NqG8
JIP,rEif3QQ8hvHB7VxKhvFSVPvr36ZKtLqirE
5045504500000000000000000000000000000000,rJEApMjV7KVVopB8NB1WXQpQYVu84vRGTa
RUG,rUnzTAWSTfzxv2spUuo8DrnUCT933KxUoo
GZX,rNgsoCk6mjBq5jcqitBpg1gdfYhKajXsM2
HMC,raXY8RFAKixBZGw8nhDRHvVCKd2RzeoeLq
636F7265756D3930356330393837333200000000,rxXXXeMX8Gy5YvibvGLnQJ1XKKD7UswM1
JCS,rPU6sXCNzsjcTUEmgJQ5SxDUzY2y1RyYKd
4C55544845520000000000000000000000000000,rPBWcjbyqcrGxpUe4awobqMmB2WaeUhuFb
MXI,rpj9MbbYR9w4smmjG7qJMFCitqDSdPwc28
52504C5300000000000000000000000000000000,r93hE5FNShDdUqazHzNvwsCxL9mSqwyiru
XMX,r47Xk5Q2RB3YtBGMiSG8LYhguWG7TonVQ4
EUR,rvYAfWj5gh67oV6fW32ZzP3Aw4Eubs59B
5852506565000000000000000000000000000000,r95aZmg9f6UU1CUApwS8V2hmejWrq5ESd3
785354494B000000000000000000000000000000,rJNV9i4Q6zvRhpE2zjxgkvff3eGHQohZht
4741525957494600000000000000000000000000,rGARYsn1VZVNLm1m6DCJqwGiFt53vE6NAR
4245525400000000000000000000000000000000,rpwAnF1mMZRszxdinETFHwzGQiPgsv3jHR
5758525000000000000000000000000000000000,rEa5QY8tdbjgitLyfKF1E5Qx3VGgvbUhB3
7372667800000000000000000000000000000000,rDgBV9WrwJ3WwtRWhkekMhDas3muFeKvoS
ELS,rHXuEaRYnnJHbDeuBH5w8yPh5uwNVh5zAg
5852626974636F696E6361736800000000000000,rEjwniYhYR5QDZzK1a1x2359j8j8N43Ypw
5845504500000000000000000000000000000000,r4EQ7VjP1J1AtyuwHTz3xWteJAbDa7UL32
5852534849420000000000000000000000000000,rN3EeRSxh9tLHAUDmL7Chh3vYYoUafAyyM
4C55534400000000000000000000000000000000,rfL4Sci2ag5hhkpDuqtWYov6j3mshVWLgU
4C55414800000000000000000000000000000000,rnVFEE67uFP4vNKtb2fPZwCuJAek5tnPrz
4C41454400000000000000000000000000000000,rnGvMu8P6evJEYY4cPyzcy4N1m5gcYRjaH
4C42524C00000000000000000000000000000000,rnyGDFEqnNwpyzievKCMhHUi4xs6HnUqPA
4C494E5200000000000000000000000000000000,rfL4Sci2ag5hhkpDuqtWYov6j3mshVWLgU
4C4B525700000000000000000000000000000000,rnyGDFEqnNwpyzievKCMhHUi4xs6HnUqPA
5553445400000000000000000000000000000000,rGbUjUtNVq5M3Un5r4efJqHed4o5P2Usdt
5853484942000000000000000000000000000000,rJ1bzYHJq8MpGpBaw4mBChuUcAUME44CVg
484144414C495445000000000000000000000000,rHiPGSMBbzDGpoTPmk2dXaTk12ZV1pLVCZ
FSE,rs1MKY54miDtMFEGyNuPd3BLsXauFZUSrj
4152544945000000000000000000000000000000,rpsL7QrdhWhBFMpCEqYw8L3J35FH7NQJQ3
5852504800000000000000000000000000000000,rM8hNqA3jRJ5Zgp3Xf3xzdZcx2G37guiZk
62756C6C00000000000000000000000000000000,rwxrCZTjrxXmtYA6v6krDKjjFaRuUiAhvJ
XEC,rJzq9Xwg1ZNRmSk5uyPoHdLDffpctv26CX
53706F7400000000000000000000000000000000,raLLSz7ao1MrCRNUJwDEW2H5jG3LzjkKz2
UGA,rBFJGmWj6YaabVCxfsjiCM8pfYXs8xFdeC
NIO,rawT5z6bFKigVRHqu29TdZ6aBejvMEqxxT
5852444300000000000000000000000000000000,rcLASSiCq8LWcymCHaCgK19QMEvUspuRM
5852536F66747761726500000000000000000000,rJZ9Hpaeqy3fdBvjVUjx1fW1bE75HgaJbr
BRB,rUkuT9TCDTP2oeAPsrCN7XKcHZfdvHvFkG
5348414E45000000000000000000000000000000,rLPfPPZN5dBgMrFHiP19eph3JnEhcLBQEP
58526564646F6700000000000000000000000000,rUWpPmEHBQfb6xgcTtVrGUK5ppztU5GDUF
4242756C6C646F67650000000000000000000000,r3b8BtKC4d8r4Je7PDJhzAgNTLR64seTDu
5553444300000000000000000000000000000000,rUSDCu3KD6Zj6n9cbcKB3iBBLCjwbTKHyi
5800000000000000000000000000000000000000,rnXdYW6eRUPLBvcK5ipRCKMqqvR8PjL3jp
SOL,rsL5YuuidUu5zqSDdf4KQEpp3eHdPy2yes
4C6F675800000000000000000000000000000000,rw1mh3E436LfF2MDrHJNm65wbRG2ZCM3kv
585250696B610000000000000000000000000000,rUH9DFVrACQfvKRk6j96FbjVwgWZFWpnLA
54414C454E540000000000000000000000000000,r92SQCuWhYoB4w2UnKU7PKj4Mh7jSyemrH
XAU,rcoef87SYMJ58NAFx7fNM5frVknmvHsvJ
XON,rswdYCe1dy1LK2wA1Kcs9j8Za3UupBes3K
544F4B454E495A45455400000000000000000000,rKysEcUM2YqspBYT6aEPspj8pdLKB8PRgW
556E666F7274756E617465000000000000000000,rKxPNkMTYZC85yaBdZL5V6N9cbZjiMeqAn
585245626F6F6B00000000000000000000000000,rMgfWUcBd45TXyszMb5LnopD5SDnAmDZsR
7848756C6B000000000000000000000000000000,r43PooeaFyp2cCfqxMkZLu47VKUDaCzQVt
XBE,rJvcZcc8BfJXvWtV7sGJPNXTgdv8AvXKRJ
NaS,rJ2V9TK9LwJz581MYxcLCyqU3vnJamP8mK
42524954544F0000000000000000000000000000,rfxwXDzenkYoXSEbNA4cZjaT9FY3eeL47e
STC,r4J3XtWvu869Jnk2zLp9jnzcA37VeqpPiA
5553444254000000000000000000000000000000,r99HyBKw2i1UHDqWqyfBrg4uoi5DjVyrDi
LUC,rsygE5ynt2iSasscfCCeqaGBGiFKMCAUu7
4461726963000000000000000000000000000000,rK9AtihZZYWAwZQnJCYzZnyW833vbcPXPf
784E696E6A617300000000000000000000000000,r9am4mhbWRByfAU7bYAzmN15pGKT3mDW8p
4D656C6C6F770000000000000000000000000000,rDtE1tM9N7L1UFy5QmoRXFju7jtnFLJ8cB
504F4C4152000000000000000000000000000000,rfdistkMFGQ7HAgu5JvsQdRHbm15EMgWmX
4D494C4144590000000000000000000000000000,rhPSguKUfFLjELmXxctobqpz4NgPneBXvS
5045504500000000000000000000000000000000,rfY6rBycwpcyt49TGFvaVAoib3qmcWJERC
504F4E4B45000000000000000000000000000000,rh2sJsRbycv4huTe8DVosZu6PKuHUrSeou
5461626279000000000000000000000000000000,rsU4M9r6MZ6nhZZvFSiK8uWfq4hfz8188t
5155414E54000000000000000000000000000000,r44T6UydjMcy2Kkrq5Up4a9A7nQWKdN6Zw
JUP,rBwnUzKnbASPchrRVqhWMUb7ssmosrRTXD
CTF,r9Xzi4KsSF1Xtr8WHyBmUcvfP9FzTyG5wp
262,rPTVSsQTeZGfLTEociHb2sqaGbBHxX4co4
58515541434B5300000000000000000000000000,rH44U1FMggcdtVEWjoZaZ7zNdrLERe47Ln
5854415244494F00000000000000000000000000,raw8HMgut65WkCG3Gs5XcGFG1pPNVZLdyK
5852504157414B454E5300000000000000000000,r9Bc54fqEjWx6xVaL7KLvETHZY65bwfBpE
5043534800000000000000000000000000000000,rEQqDLHYBA5cLuVpm3by6kaThvZQJL8q68
XRL,rfa2q5NLAjg2vkq7jhp1TNkLQ7Tgkhp7oW
NET,rw9JPiWyakfNhabfgiZypDcLqdwfH2n7W1
NET,rEd9PQjZNDC49FM6jEKqkZCnLGgPK44haR
LIM,rnQaPqemyUppEzrGFqjuB4Ej1YRXdZiuTG
ZRP,rZapJ1PZ297QAEXRGu3SZkAiwXbA7BNoe
524F4F5400000000000000000000000000000000,r9MrRER8UKSAumcqvbwCAsyWbUKomz68i3
44494E4152000000000000000000000000000000,rnmxhP7pY6vbqkGUqrwnMtdFCYA2nifCfV
7A69676779000000000000000000000000000000,rssMaMmXZmpZSuiHyEWZuEHQ8xWByzd9XJ
5852504C54475400000000000000000000000000,rspdZ6yA1VKPcA2fJxKeWUfmcrqRrF9CJ9
42554E4E59000000000000000000000000000000,r3KXU4jUwEonTPwfrsW2cqC1HZUhYe56Rt
4C434E5900000000000000000000000000000000,rfL4Sci2ag5hhkpDuqtWYov6j3mshVWLgU
4C5A415200000000000000000000000000000000,rnGvMu8P6evJEYY4cPyzcy4N1m5gcYRjaH
4C49445200000000000000000000000000000000,rnGvMu8P6evJEYY4cPyzcy4N1m5gcYRjaH
5343485745504500000000000000000000000000,rUQXurByxmKni4aLpuWMYMxxV5GWT1Azw2
4C4A505900000000000000000000000000000000,rnyGDFEqnNwpyzievKCMhHUi4xs6HnUqPA
XXC,rfjxCC4Nkwo8jGn3NKk4y3ji3u35X1M8oE
58424C4144450000000000000000000000000000,rfVTbKsRgyurPddRiWaReuiK9Tvms8XGj1
5852626974636F696E0000000000000000000000,rGQaHbQHCsTLQtboQPwUBasXjLvk8uDbpT
50574D3300000000000000000000000000000000,r3mqZouPYP29Phr45UrCosuYD22VXNL3Tw
RDC,rDuckCoinu8jntxtYoWRhEv4oNvsLYx6EQ
5363686D65636B6C657300000000000000000000,rPxw83ZP6thv7KmG5DpAW4cDW55DZRZ9wu
5853686962616E75000000000000000000000000,rpD9gvxp7RCKrTrYAyTdueF9ApApbP5ZnN
XQK,rHKrPGdpaqNRqRvmsiqQhD6azqc4npWoLC
58464C4F4B497300000000000000000000000000,rKKDTqx8Lxw2sf2tUgNR81rvhRDhv5kFpz
4E7574726F6E0000000000000000000000000000,rEpiupL889DH4kZvqVDsk4UqvM8nbd3DMy
6357494600000000000000000000000000000000,rffvvFwivEB5EYGrk1XMmbbydsmaLS387m
4152554E41000000000000000000000000000000,rfjqDHJ7FQyYFqeaUqTEdpEaxiQLv4LzKm
5045495045490000000000000000000000000000,r9RftFhd6P9MzWsNkayH1Hb8rPzY5GkaGE
78436F696E000000000000000000000000000000,rXCoYSUnkpygdtfpz3Df8dKQuRZjM9UFi
5452554D50000000000000000000000000000000,rLnErD8JXMxqBzGNaHaykssai1vpB6YRUX
CNY,razqQKzJRdB4UxFPWf5NEpEG3WMkmwgcXA
FRD,rEsdnLqeFgXSTeexMAFB7ZauRoMMWvSL4e
NBA,rfHALygLHj6EwfXNSFCSLX6Kp3yfFSpuuP
4D42353839000000000000000000000000000000,rLV1d3oPf6rg8wUZLYdGCzXoVWsAhz5TSX
585452554D500000000000000000000000000000,rhvxJ9FjU1QCinoQStNkoZASbjqfBF7LN1
ETH,rKiCet8SdvWxPXnAgYarFUXMh1zCPz432Y
245354454C4C41524C554D454E53000000000000,rfnvvbpVAnq9NtfgcozB1mcvGygLWPAgUm
ULT,rKiCet8SdvWxPXnAgYarFUXMh1zCPz432Y
RWA,rpWaYgXbVDhFU8W31Z9QW9txbrRtw7C7GU
586D657461636F00000000000000000000000000,r3RTpUhBoN8n7nr9Lv8nTm1H3mQhKagrRF
4455434B00000000000000000000000000000000,rT5pAVAokKezWrjqnMBF3G8ah4fxVWVVx
OXP,rrno7Nj4RkFJLzC4nRaZiLF5aHwcTVon3d
4C4F564500000000000000000000000000000000,rBQftsx8vp5ymLv9pJC188BDrZQdZKNYUW
424C554500000000000000000000000000000000,rDPQ9k3w791dgPNw6FwivrbfHVexaLhZXJ
47414E4A41000000000000000000000000000000,rGANJALabaqx97uVbBzy1utfabwkrcd3v3
GBP,r4GN9eEoz9K4BhMQXe4H1eYNtvtkwGdt8g
CX1,rKk7mu1dNB25fsPEJ4quoQd5B8QmaxewKi
5450527300000000000000000000000000000000,rBmiGTtNxoTfX7xob6ycFdUrQRfz7AMJyP
4C554D4F53000000000000000000000000000000,rsPqeamjpr3Bxu4LhtCgvJEAQusYRRg6Ha
554D4D4F00000000000000000000000000000000,rfGqDiFegcMm8e9saj48ED74PkotwJCmJd
GBP,rMwjYedjc7qqtKYVLiAccJSmCwih4LnE2q
4252414400000000000000000000000000000000,rBRAD8ntFu3yFhpoo7uLjj4EbVi2UQ1EMR
434F444544000000000000000000000000000000,rnNErmg9xVmcxxNZUwivbJSH6i9GUwYPFj
SCS,rHYr9XNQJf1Kury1wGkht7Hrb9d43PqSMw
JRV,rGG872YXwmsxkercxBbBpYwPkCutPrWPLk
5852504550450000000000000000000000000000,rXRPEPEY7YjJVpXBYc9icb8ETRCnJxT7L
MLD,rhJYDuVMQxabTyiWuHQkQyDxr6uZEdpv5u
XWM,rJzBh2Sktnps8CoLVJeDjj3Y2aDzXhrAFL
536861646F774361740000000000000000000000,rLR4P4r6WJMv6UcmasVETDXTbZQe2nWokL
534F554E44000000000000000000000000000000,rPazDXf3XHGqftSUKa7tStN33VWNHp6Nns
3131313100000000000000000000000000000000,rpciKZntbzENhCAfDh5TN7M8E3fZqj6hGb
77656C7468000000000000000000000000000000,rDSEfDcJ5UzQyK3UNmUDGvZT1Z7cmoiFv7
24444948414E4453000000000000000000000000,rhohwqLVbQmcmghBiqoEvCEDzMir1oL3hB
4C50485000000000000000000000000000000000,rnyGDFEqnNwpyzievKCMhHUi4xs6HnUqPA
4D41544500000000000000000000000000000000,rpWapSyB4dPhjMms2cYMEmTfc6BGpbpZBv
5863727573616465720000000000000000000000,rhXa7avJF65iC27j6KRDRrWo2mVqrfVUmZ
53494E474C450000000000000000000000000000,rhtmgZUbTzfH6xQKqqzF835uRVPFMqFYRe
AAG,rGrvEW7rmaLb7zoVTeLXHmjU8vp8P5CAAG
484F525249530000000000000000000000000000,rPvrLZpd5C9XUGTuDkJj4P9gJGjJnybeNF
5768617441000000000000000000000000000000,rDbmN21xbM2YdXbuFXQQzYD7fkihCDayVA
464C415400000000000000000000000000000000,rKve4JXWsmWUkChQiJVfR8ZnaQ6Mqo7uHH
XFF,rHEPYav7r8p9kS6ANfF5UhgWZPbz1P3BBj
XRL,rEeKbkGG2cgEG3yBXzvcdZ2oQ88nYiDZMQ
XUM,r465PJyGWUE8su1oVoatht6cXZJTg1jc2m
4B554C5400000000000000000000000000000000,r4vDRoWEhSCJeHcodgmXWz8Qa9zfeWR4ph
24414C4558000000000000000000000000000000,rEwd8T3xMrhJwybaEPCMYY9NeDnxdmpiYw
58424F4200000000000000000000000000000000,rM7XtTozUiwWp8jf1LDhb8FN4SRpW7QPC1
24564F4944000000000000000000000000000000,ra2G43K2gq9mhhAzztvPo8DrkY9KyVPfxV
SEC,rDN4Ux1WFJJsPCdqdfZgrDZ2icxdAmg2w
SPT,rswD8h8uzKPEUh26QKeWnxP2dR2HLkhCPm
BNB,rsL5YuuidUu5zqSDdf4KQEpp3eHdPy2yes
45766572537061726B0000000000000000000000,rpBrsV7EynWUdUZy5bYkkp9PpRjsF8JiLk
534C41475A000000000000000000000000000000,ryj992kBy7s33y2ds29ZgPAPEuQwFVamL
5065706558000000000000000000000000000000,rBUNnDdhLs3k8Se2uuJA7SW6Qy85AB5MXg
4465525000000000000000000000000000000000,rNsnnGTMDkcYjsshMCBon2kA4nKWb3UHWE
42494C4C59000000000000000000000000000000,rEoGyeP9pgi3XREgqizGw6v9ASHjdr9k9X
5852506972617465000000000000000000000000,rKS6KrpGkBUDciidJ9ZSuCd9a1pMEJBY2L
52495065616E7574000000000000000000000000,r3164JHp4WASBbiX2HGqPiJDviaPXBFcYf
5857534200000000000000000000000000000000,rLpL5d9qubKjht8GnkxgnVTQPq9MKNc757
ODL,r3p9ShYm2aBPonxgk3tpNkfBqbd6EYwWED
PRZ,rUWmzoHPPexv5gYC2JnnGopGfHmD6ozVDk
XFT,rGpnoqYLzWytxwQhhz715nRbqyCHM7zhxt
244C756369000000000000000000000000000000,rNAv6ftKPxX1zxYStMGzondQ2zffHtumna
SEC,rKrjzz3fN8inpeG8fZAinuyen7ZRcsRvB9
43525950544F0000000000000000000000000000,rRbiKwcueo6MchUpMFDce9XpDwHhRLPFo
58525061794E6574000000000000000000000000,r9rRLst96Ue4YTDQkWWkX1ePB6p6Ye4FkA
RDX,rQa3LW1Au4GxGHzDBkCMKuPcn326w4Wcj2
4245415257494600000000000000000000000000,rWiFiHFKmnYhbudDaw685ntiHUoWRaCLF
5852506F7461746F000000000000000000000000,rUBb8uaiekJXzjLohVhpCQBTGT3WwjmvKD
5574696C69746558000000000000000000000000,rKDsnVfFMzdqrU8Bqno37d29L8ZW3hvrf8
43616C6C43656E74726500000000000000000000,rpHry9uUAhG3SCfmjVgypMYkGr2XQZqH4z
58474F2100000000000000000000000000000000,rnucXjMr92b229V2KHgjG6V1Hz3JjsgqQN
43454F4341524C00000000000000000000000000,rKFBXaHbfjFfQTNak6GZzJ3M5i3RudCTVa
58474F4C44000000000000000000000000000000,r4XSSBVGENvgUrZFijX8xvsJtp9Mi2UPz9
LTC,raPhno5Bpmch3oWwqXy6e4vgQeidKknBTC
DRT,rfDhSfY5JMtCrje7hGxC8Gk6dC5PgNJh63
24584455434B5300000000000000000000000000,rHNNY7pAxBAeZ61ciRobXfCi7dTwXb755m
4D444C5200000000000000000000000000000000,rMdLraa4jWJvpjpDpvmDEuVtjo3WwyWDKw
and,rs5zZN42NGy9VdEMuTgU6NVPqpBZQRZ2bv
5045504500000000000000000000000000000000,rrst9mFAh9e5cxRrvnuddqvY5CRL9Sjq47
545552424F000000000000000000000000000000,rw4faj3fodK57f9NkixMbPCgrM498pDudC
524C555344000000000000000000000000000000,rLUSDtykL2NVz3HJe1Jqoc7dsxWFVcsmuK
4A45535553000000000000000000000000000000,rBsgipBMkMV3gjjXmKWyDVxvmpJp4DEouq
7872373700000000000000000000000000000000,rcLASSiCq8LWcymCHaCgK19QMEvUspuRM
536B6C7400000000000000000000000000000000,rPYPZXFr5z2d3RuNRdi1uTdFzQvL9hNu8W
DFI,rUY6tjGN8PJDVyVFLztRZLmPZ8uTBUfa2Z
454C4D4552000000000000000000000000000000,rJL6fjCZ5r7iKzYjAQ86dF5DMBsi7njgR2
454C564300000000000000000000000000000000,rLb593mo6Nerw7eWvC19gR1fLggeWX6u6s
4D6F6F6E526F636B000000000000000000000000,rEptSPn856gzRapieyKkBowCdLU7xC6BgF
RBG,rnpsx99MwVgAh79LspVXhDvM3fbqrugC6i
4245415200000000000000000000000000000000,r3PkzwzNN9LA2g4dvUsno4w2QW3rXgSjxp
5A6572706A616B00000000000000000000000000,rQrVJqMxSEpSMZexnSYDG4oTYddyRqSQT1
42555A5A00000000000000000000000000000000,rPkQMC1jxuG2qpSipNzTkgPL86Ssiycvbq
574F4E4B41000000000000000000000000000000,rKNsHVsp8PkWTuEae8tuW7ysgKJMJv1fwV
4D45544800000000000000000000000000000000,rKus1pe2EZAgaL18b8MbiJkgrniWTP625G
4D454D4100000000000000000000000000000000,rPNFNAVPVagi395SiP2ymA1NJuSUpAVPwo
7363726170000000000000000000000000000000,rGHtYnnigyuaHehWGfAdoEhkoirkGNdZzo
4252455045000000000000000000000000000000,rUKpdh3X45Tjdtf7gdkrVWUs38tkXbhE9s
ELX,rft6qQzH7zepPbBo3Q2ghdSpuakjyJooDj
4D45415454454E444552495A4552000000000000,rKvUsGwMyUnVtHKfaEmuFDQfVGggvsP6aS
4A6F636B65720000000000000000000000000000,r4nV5UduFrjTX13kfqX8HVxaCVeDNEn26A
5452554D50554E4B000000000000000000000000,rJTbgrvzdX76KJQhtnqbaDYf7eY6V9zEfT
4865694865690000000000000000000000000000,rHeiheiheiD5iA32m6Zr6ceJCgrtqxgNXi
UNI,rfY6rBycwpcyt49TGFvaVAoib3qmcWJERC
$FG,rwGgEmfPZjRowTN6mPRNQnjajwSexwi8dn
47616C6178790000000000000000000000000000,r3Si5cWtHZZuKXQERoaTKc7Vhw53RdGi2A
4E4549524F000000000000000000000000000000,rneirorRCs765VoFgPkocb7rr4BzBoHABs
534E49434B455200000000000000000000000000,r43yK6abkqg3qx49buXZfXYDbhY3rSo92w
BOX,rhy4FUHtXrMZhbkBfeYvDv4nz6R7M4cu1t
JSC,rJ726mi7cXLfsnuehL84nmjjK14Rmx2ZQG
RCN,rPGxCzMicNJRe1U1CD5QyNjXdLUtdgSa7B
DKP,rM7zpZQBfz9y2jEkDrKcXiYPitJx9YTS1J
STR,rKodkxhdjaXCoBmXuNtR6nahn4XyVFcPKP
AAU,rGho1zZBxtiiyQgMfReAju9Sc2MMtvtAAU
53696D6261585250000000000000000000000000,rDqwjJ8fUqdyfPjJZ3h93J1XY8hz6CjEYo
VAL,rUVUYTKXH5KzDPTdziJts6XZBMRH4iWneH
JED,rDFJcJnDQhB2EQCExxSpSiTgNFWwjXedP8
784E55547A000000000000000000000000000000,rNutz8XfqZgVRDhtdo6Z2MeuVaqB9zfZkw
5857415200000000000000000000000000000000,rJAm3vMSiwCZHxLygaTdmiqCUG8YeSJFVy
47726579686F756E640000000000000000000000,rJWBaKCpQw47vF4rr7XUNqr34i4CoXqhKJ
5852504C33444150455300000000000000000000,rLBW9d9cfEY4ZFPbgqKzEpoEHjKeLrotWZ
78524154494F4E53000000000000000000000000,rPArqPnUr39t8uui6THzj7VZSbDXgTNEVp
69636F696E000000000000000000000000000000,rJSTh1VLk52tFC3VRXkNWu7Q4nYmfZv7BZ
VGB,rhcyBrowwApgNonehKBj8Po5z4gTyRknaU
666,r66623XDaGH2kRMXNUSrDJQC7M6RajPEA
GEM,rGoogLeRgK7VSnWTuKLbgV9UsgWJnUMsNq
48656C705468654F6365616E0000000000000000,rK3ZLMi1Wn46eAkXgAeg1v3B6Jujoivzsq
47616D657258476F6C6400000000000000000000,rMczrvMki7DuXsuMf3zGUrqAmWvLKZNnt2
4573706F2069732061206372696D696E616C0000,rwwECMxKN5hGicRHPb8xZA68hdUhbqnXi9
65646974696F6E73000000000000000000000000,rfXwi3SqywQ2gSsvHgfdVsyZdTVM15BG7Z
MGS,rHP4bHzghBdzskqcaPciL5WRGkHosB5zYx
WAR,r7777ucivBMdtni2R8ANnfT29Su5dNpGd
544F525245000000000000000000000000000000,rECcCi31jPhHxy8FmhBqc8sVwZkDYGgca2
AFA,ratAFAXeeKaVuAxuWB9W1LuXD5m7Aqf2BH
NEX,rQGiPFWhaTDdue1xHX7cVpxGqPQK54zng1
FBX,rfinbetsxTZqDC8RqQgKvbhiFtE8HfEefN
50726F6A65637458000000000000000000000000,r3Ez92d6caDB1i8GhNeHbkXhGizU1epdnX
465552595852504C000000000000000000000000,rUsEKJkY6PAMe7TFwhXe9MvXBgxfSuibkH
4C696F6E41727400000000000000000000000000,rDpGBpeq4NkgWk7xneFKCQDVBNwPe5jWqb
5348414D414E0000000000000000000000000000,rLaG4CMBnechoGkhhc6RApvytdeHCv67av
57495A4152440000000000000000000000000000,rMJszVPMxcUP9j3oU6M88jcyYajBmHJTB3
53686962614E4654000000000000000000000000,rnRXAnVZTyattZXEpKpgTyvdm17DpjrzSZ
5850554E4B000000000000000000000000000000,rHEL3bM4RFsvF8kbQj3cya8YiDvjoEmxLq
DGS,r7777ucivBMdtni2R8ANnfT29Su5dNpGd
584C494F4E000000000000000000000000000000,rU6ANcasdcDmRiF9JuW2rj7KYmPGKAEUYy
4E49434500000000000000000000000000000000,r96uXvCJxe3Yeeo9wCtJsLSpJiFUz2hvsB
4772656564794A45570000000000000000000000,rdRvw4pKmEtSnz3cjXBL6HLJJmejtkoQ4
5553444300000000000000000000000000000000,rUSDC8sBs5xdKLQsxpkzEVTdH1x2wqvNfK
457665724275726E000000000000000000000000,rhUHDGG5po5Dg6oxtaodMPTR4xytToSL1Y
4149494E55000000000000000000000000000000,raiinUx2DCxFqoyz8t9w94VDog9fPb57ZG
03C3BE9DA15E4DD7E7BDCB7A245ADDE14FD27637,rNZ2ZVF1ZU34kFQvcN4xkFAvdSvve5bXce
4841444100000000000000000000000000000000,rsR5JSisuXsbipP6sGdKdz5agjxn8BhHUC
4149000000000000000000000000000000000000,r9xVwPa28CkWcwwFegjzfcaK1j1RDxVtEQ
DBX,rHLJNqxCoPXdm4CnLd3w63ZFRqAUU2U4vS
SHZ,rHybU51eBTzhZZoLac7HqCVyCzF26FwzPk
636F7265756D3430623433626639656500000000,rxXXXeMX8Gy5YvibvGLnQJ1XKKD7UswM1
48494F5500000000000000000000000000000000,rHADAdAoB37EUuYqM61MYHwvjD3W2LzSYz
434F54544F4E43414E4459000000000000000000,rBqRgTHYZf7qVTViXxjZNGWfVXW2J4yE3F
ENI,rf5jtoUA5ChimDV2YoPiCmDcBBRGLadhVC
XTK,rXTKdHWuppSjkbiKoEv53bfxHAn1MxmTb
XPM,rXPMof2PnL56qkzP1BjJFWmFCBitYNjV7
*G*,rGoPBCtspEgKJ8Yp6RajAmiuSbLt5Esi5w
4450415900000000000000000000000000000000,rBvXRy3AkW7En4rByqymXW7bBLET3y2P9f
5A554C5500000000000000000000000000000000,rLcoMGVSZDWz3rWheEbPpeQMq2MNfmUoLb
999,r999EFEdYp6hR2M595pneEpVr39MRu5GEG
QNT,rGPsXnzAkdv1FYKkhC59GRp3M42axDhE1d
IGC,raP6XZypcFR1WkDzaKjv91FtYRCURvePWW
5553444D00000000000000000000000000000000,rpa92tGWP4bEAC8NPDMQxTydwn8Nshvdtd
4D41474943000000000000000000000000000000,rwCsCz93A1svS6Yv8hFqUeKLdTLhBpvqGD
4D494E5400000000000000000000000000000000,rwCsCz93A1svS6Yv8hFqUeKLdTLhBpvqGD
484D535452000000000000000000000000000000,r4bpk8D9w4SL6RthPt7TRm7B36jdZjNGFR
504958454C000000000000000000000000000000,rK7stnonvoYMdoUrskiiWv6aZDvJ2ZgKAB
504F4F4C00000000000000000000000000000000,rLruiZi3XcSF4TmjXKUHxfp4Wrb6DHWPhT
4269674C69707300000000000000000000000000,rBLueHAtJxti9PoWttwpqdHKuojA21WZes
4555525300000000000000000000000000000000,rs5hzzF7RzdV2Ub7Fv14Z1ShjuCrnL7FEX
5745454400000000000000000000000000000000,raDF491dC9XF1guG5zZkWWpNQoFquwt2cp
5249424249545300000000000000000000000000,rPmb5BPBAbE9jmNaFXNPH5kZEPDpRxaY77
SHA,rMUwEBqqYWFWrgHktpkGEAERnJwLx9AFht
4E657269616E0000000000000000000000000000,rGEekk1PRyozC1ZEZCXL7EZcko4rrrETGh
4655525900000000000000000000000000000000,rnoKi9s9b6WYaNGWQy4qVdnKo6Lj2eHE1D
4C55585400000000000000000000000000000000,rnPxuSwbupVdPSoHBMmhpVgwnkb75ubgvY
4D4147494349414E000000000000000000000000,rPmSrav91WZYRaPYjsDndvBfTWNrmSqqXv
5442424F42000000000000000000000000000000,rMxrnxXHi3aibzQ79B91AtzXBYfbPqbzZK
4252494353000000000000000000000000000000,rnzYb4mcUH8GwdKebLvpXagzPdc6uBQsSq
OXT,rBB1MJbmGFry71fpup6Yzg8UdWjmPsBBmn
455853544F000000000000000000000000000000,rhzBatFGxX4tuiumzZoEhquEkMHVfmJvvx
BNB,rBNbPQjBCpMeGHdSXkZ41WfmASpqirYbSd
78546F61647A0000000000000000000000000000,rpRW1FumRWhhaLmoYwS1SqEXsnCccvpsAU
53656167756C6C436F696E000000000000000000,rnqiA8vuNriU9pqD1ZDGFH8ajQBL25Wkno
41524D5900000000000000000000000000000000,rBjwpysTh5QLicFynPtWTsU8AEe9vqrU8V
4254435800000000000000000000000000000000,rBnuiD54Mk4FmeU8WhBfstxnB5XEFt4QBQ
DVT,rQDuc1MyMjh4fCgVg8bNATYNWcpgz2BDQ2
TGO,rTGoNeK6vpu28U2oE5tiqhH3x8z2jBhxv
5945455400000000000000000000000000000000,rYTrMEEyPhhVPStnmrRTaW7AFNw4HSuZB
594F494E4B000000000000000000000000000000,rYNKrtQaf3vUVWVK5sw9rJdPGDLbxZu89
53656167756C6C43617368000000000000000000,rNHeGnj4kqGSVyFzDcoyi3gsp1bdPuGeNK
GET,rGeT7ktooyKcc6mkVmPkzu8j87nNDhnsBm
4249474200000000000000000000000000000000,rQwKayqFwx5kHUQJ4z4VjA8fQqgD4go4xR
EUR,raZdZ9eUZqHBo34mzZES39NP2PatznYP1d
5045504500000000000000000000000000000000,rf583djEBwXMJzUcRBv5QccddpvW7xzags
7854776565740000000000000000000000000000,rhWbveQsEi4NDq369uESSAFfohFCBU2R9K
FIL,rsL5YuuidUu5zqSDdf4KQEpp3eHdPy2yes
584D454E00000000000000000000000000000000,rwc4q24X5Ui76v72WWaNFozBLoZiPj3oKV
7852594F00000000000000000000000000000000,rLPZJ6xQkq36DurkpqsQkggMpMktPVUrVD
AXL,rLXgu3iTRgrryN1nnoszKVCfaHMKUUUKJs
FMT,rKcAJWccYkYr7Mh2ZYmZFyLzhZD23DvTvB
5853414D4F000000000000000000000000000000,rMVufScdiavFvGzVBZryTTRu2DxRuEqos5
IRE,rfTYvAG86Y1L61RQjbxHTyJmphYzHgguCd
434E465400000000000000000000000000000000,rUte5RZgB68nEU5QfjfM8qD6HtmKo5ebqo
ATH,rr7GXFTucu3EYKprApnhin4pFDT6WdCRH
534E554200000000000000000000000000000000,rNCRr79JC8YcA8pG4VAzhrshYxahKCodnX
UEC,rBXNY5WcmKsPdgNw6hdHKsijyXWMYz4nGe
456C697465580000000000000000000000000000,rPHqxokbdbRHFZ6RLN4TqJrYd3zF3kE1Vd
4348495400000000000000000000000000000000,rfoNKe1V8iXbPRhqF7FXgMWKrBc5crE2AE
IXC,rJBUybW3ng7nrnbT4X9iyieXRuFXct3Q3j
5355525600000000000000000000000000000000,rHrjHawcjA2TihAqtE7nWzArpWkiFseHM4
0000000000000000000000000000000078415059,rJ6QiRkfquhde1GBc8WbiRvpGi56LE8BPk
4441564944000000000000000000000000000000,rHq4L6fKPSDJsSGckjT89Ec16YE7e2WZ9G
5852434C00000000000000000000000000000000,rGrn1vLVv9d6xD68pXcSekpCWAY6MsS7U6
1MC,rsJvPP7GVdPfe5zmQtvxAJVZAmDUGfhkV1
436F696E53686172657300000000000000000000,rG8656fyrmQVvDfnA5FCYkRpGNUDWXqkQ2
47484F5354000000000000000000000000000000,rw57VKMLgWYcgdcu89Bnz1YHne1gE35F1L
43524F574E000000000000000000000000000000,rNcqizvdrT1YRF19eLGUHQUyejNzkJKMBh
5843484E00000000000000000000000000000000,rHMcxniNwG8LG4tfrmNjoAjDBqWkp2b6d7
AMM,rB72JVaTCMABwi9NEfWmgeoBabD1xTsDjn
476F6C64507265737365644C6174696E756D0000,rB72JVaTCMABwi9NEfWmgeoBabD1xTsDjn
4252494353504541434500000000000000000000,rB72JVaTCMABwi9NEfWmgeoBabD1xTsDjn
4252494353474F4C440000000000000000000000,rB72JVaTCMABwi9NEfWmgeoBabD1xTsDjn
4C6F766500000000000000000000000000000000,rB72JVaTCMABwi9NEfWmgeoBabD1xTsDjn
RNR,rB72JVaTCMABwi9NEfWmgeoBabD1xTsDjn
IZO,r3QNtePMKBRm2ruodej4LkUF77PCHsjKuV
4A554E4B00000000000000000000000000000000,r4pDJ7bT1rANe9nAdFR9pyVRwtJZQUEFpj
584C6F79616C6974590000000000000000000000,rfQNEfqLQc5L34rS92Xh5nVtk9NVHbv4Gj
CCN,rG1bDjT25WyvPz757YC9NqdRKyz9ywF8e8
XCC,rKuuRSQM2pTtv8ZrhQbU6kBgusCD79cem3
Pie,rMU7zC2nVFTDtbGKbWpFt6vLEn3wr7SZB
546970436F696E00000000000000000000000000,rsUjMrcGu8ANoTwv3zUJE6MzSL6K7fMyPU
784D616C61796100000000000000000000000000,rLYcBjVF5vXhBVdWQELcv7FyRfRuakPnzr
426C61636B467269646179000000000000000000,raFpHssoH3rWkMy9XLjA6NDRW2y44tiFVM
5872706C53717569640000000000000000000000,rbgAh9aQV7ij8cNifgFgtiebU6vm9yXci
78416C69656E7300000000000000000000000000,rDbAT7ZnkBBxKYL8myUY68c1chaKLBbNKw
5853636800000000000000000000000000000000,rG8Ccx5i9m3mJQFreD3cyggQH1pd5WziZy
5842435A00000000000000000000000000000000,rpfNtYnahCF8vKDdPzETV1NQM1j42LEYcZ
58535052494E5400000000000000000000000000,rfsk1bEGcQXoVo73snB7AAbzad3ByNhdNq
536D6172744C4F58000000000000000000000000,rBdZkMKuPnzYVVkyL2DrQKV3DsYt5PPVRh
NPK,rV64miFA53xbWS3x9A6nRnzxMqLHN1t2h
536D6172744E4654000000000000000000000000,rf8dxyFrYWEcUQAM7QXdbbtcRPzjvoQybK
FKM,raivZznHUty6vxDYiQD8K5KgwvPKwjpruz
5368696261496E75580000000000000000000000,r4N5gak4yRXHyCvTbJggHvbYLRCbM8E9YT
784249424C780000000000000000000000000000,rnH9o6qdym34K293Pq3FZp5Ko7SpZxEbeG
PLR,rw46VE1DAQAFxWNnXXjDdg2PFgzYkhYWCs
4C4F564500000000000000000000000000000000,rDpdyF9LtYpwRdHZs8sghaPscE8rH9sgfs
COX,rPUkKYnLs1GoGV3nmAgHTGeWC3fKGMtAfJ
584C495354000000000000000000000000000000,rNy8hFXoXEaJwkiT6U6ED5CWsfZHELNcnr
4665646F73000000000000000000000000000000,rwbV9h75Tqvr629o5tGVWbdmMzU9aqhUi3
DTT,rLEhRxoAsBa55Q2bd8JRSPpnKxGmvTTwi2
5452554D50000000000000000000000000000000,rNRh1YobQDUuFyiXnUY9NJB7b2MLDJJGHg
4567677300000000000000000000000000000000,rHga71mCb7jNVJR2EGDMQmukRQdgLh4Kpq
4E476F6174000000000000000000000000000000,rEs1552ZJS5N9g5L612XSYd7KTuawa8Gtq
414E425500000000000000000000000000000000,ratHp7D5w5bhDyxz9hiJGbBhny5kzJRu1f
7374615800000000000000000000000000000000,rPoYd7PgpNkPyhmquUd8MzwHmJSy8nrHVV
VGC,rwBiQxtPo7zkiSGp4PoisqN7jBwotMRh3J
TTX,rEhVkYqYbNicfBFX6Y6upHhP9S2Ukv3MpL
RCN,r4GquJLRTAmEMLECBKaSMLB8pV4dmLWNxX
PZA,rBi1kmPw7axgkTDG31GFhtuACaveohfYnj
MRM,rNjQ9HZYiBk1WhuscDkmJRSc3gbrBqqAaQ
4C696C3200000000000000000000000000000000,rENNLZVLWMLvwM69h4fR8B43qptEUUG4QH
XLE,rnQPyTLGVD1exGZCBD9XcXvbedMG7Sy4iU
584E455400000000000000000000000000000000,rPB7vXTeWrQ5nxEpQbLvay8nfJUJfeecYL
436152526F747300000000000000000000000000,rafgLy8LPU3mqMGCRbkJcaGWuDwoUCAuwQ
LOX,rLLJvh6bwj2eTYwzLL484AW6EyH4rdZqWZ
OCW,rK9DrarGKnVEo2nYp5MfVRXRYf5yRX3mwD
54554C444F4B0000000000000000000000000000,r9qGMJMreNBYdEqJ7mNrUjyCj44fDUEe1G
4D454D4F52590000000000000000000000000000,rfTsfrviaNgJ1URQf4FVWjsr59ULr1FNgu
58464C4F4B495645525345000000000000000000,rwCCrZuotr9P5XmfoSY1ibVzRecLcwtxp3
XUH,rftZzz4iroaBENgwAPEgFRk2pHb3QrEDxe
4D4F4E4B45450000000000000000000000000000,rG5tVG4yoGvMTKiFEEEFpjG3qj2tGMP44o
5761766573000000000000000000000000000000,r3RPpHkrkFiKSGhCe8LjhNU4LAmbHjLG7K
58525357414E0000000000000000000000000000,rUHoc9nQyZzahE5rq26QHkvBmnvCEoPAhZ
544F4E4500000000000000000000000000000000,rnjx3ZL9bTwRrwq6USdXheMCTS4LYLgNjh
4C564E4400000000000000000000000000000000,rnGvMu8P6evJEYY4cPyzcy4N1m5gcYRjaH
58506172726F7400000000000000000000000000,r3hmy4JpSHPWuomNsGtCkKrCqALakDAJiJ
4C75636B79436861726D73000000000000000000,rECNBBTFzyqdMMp44V74DAdqctvi2qDTPd
5A696E66696E6974650000000000000000000000,rGMU2cbbMhzodpecrjLQ2A814DqL8LFxjY
58524B69736875496E7500000000000000000000,raQiCeWvmn99ygihpV7X4zCrGjy9DqZqfd
585768616C657300000000000000000000000000,rw2LTTiDKAWMZeeNwvhxoYHMaCYMJretRR
436F6465436F696E000000000000000000000000,rGbsKNrVURRfU1WEb1aEqaoyRJDkvssyBa
4A554D424F000000000000000000000000000000,rLAstRsF3MWQfQw11gEsPyWvmR2oe5zXjE
784C657473476F4272616E646F6E000000000000,rpXQdkj19vvcEdoF6vqkbEkkFkyn4QN2sq
WEN,rp2Em1RYo9sxJPJAMe9bDCkdDhirqUYQZC
ERM,rhqsmPSyY67pnbKgzyQvLAZmcBiMsMd8gF
AAX,r4xyzqvcJFk9Vghfvmp9dX1LUdesN43F5H
HOG,rwwjSYw5X2YPWRZ6cebeYUFkBLyh8tT71B
4B45455045520000000000000000000000000000,rnaeGR9VmFCbnaeTyhSV65n7DkRxFJZje3
7848414D00000000000000000000000000000000,rQ9BmiUbMus85EiPQKYnMxMA8KBagawbQy
5852476172790000000000000000000000000000,rCE2rxDDZtM7qkHAxorjkfLiHX71HtqTY
7843425300000000000000000000000000000000,rNvhXtgDdd4Sh3NKLXcUH9Hozs4dqu62we
53616E6374756D00000000000000000000000000,rNcqT1tds4vdroichNKuTh3Ppd8KAdFHnN
4172635800000000000000000000000000000000,rHJUjSCYcgzF4CiYvi3UVdvXGbtXGJ6Fmz
CHP,rhFNUEAKyXZmJHsnfJvH8hM12Ydk2icEof
43616B6500000000000000000000000000000000,ra1XmvmraMiRYarFrHEU7XDojvRyipU5Vg
585250484F454E49580000000000000000000000,rMDxGz8kg1TKBNBC8C9n3pYGEQ9MsQFJHG
5800000000000000000000000000000000000000,rXXFbpjjDRLyCdePQtHgegJ3JTu1BY2mC
434C554200000000000000000000000000000000,r9pAKbAMx3wpMAS9XvvDzLYppokfKWTSq4
7843495600000000000000000000000000000000,rUampeA54U7Fcfwp5cxrRarS37eiaT44HB
XMZ,rfyE95hzWAE93h2sKvW92nX3Mf6eC3Vs7D
QLX,rMQhWnHuYVmjRcyptPvrueKdLvjQT2Nquc
IRV,rueUkJYAQnP9wqHrKQXrsCwXeRziVn377
46524C0000000000000000000000000000000000,r9GTczHnmvkufpdBHvE2iRA1FA3NYPBWya
LCB,r9U2eJg3FgpYKX8PrFPSxHdVu4ZheLZRJ3
7843726F73730000000000000000000000000000,rDZzGy4YnpjKSvWsToHRCcGvcyinjuKEv9
HMN,rNUJ4qxmEEU8Et79nmdypwoDzSsuk437Rz
USD,rEn9eRkX25wfGPLysUMAvZ84jAzFNpT5fL
46414B5455525900000000000000000000000000,rNwBNkHz3ZAnx77XFjGR8nRnZHw4gKgmpr
4D4F5254414C0000000000000000000000000000,rHyCV84JWbmhbCAJYpcd76HXcnhJ4uY4Q7
HOM,rNznCpngEzpshY33USk8VdGMUCSvnziCAx
585250446F676500000000000000000000000000,rHWB7eWb7osZ4he9Tag46zdba8GUwRE1jD
784D6F6368690000000000000000000000000000,rPaC5HFXToBuqHjSgjhmJaMejrF6DHRXKL
4368616D696C6C696F6E73000000000000000000,r3DuEtGbKxbvkJ3evEEmveCNzw5JTUaHed
436F6E736572766174696F6E436F696E00000000,rU6JmvUpdxsx8gxLLgfcRhfz5ASNmGpSwm
4475636B00000000000000000000000000000000,rw5Nvt8tBXS3bCbGvJsLneXy9ekLh2pXkg
58424F5400000000000000000000000000000000,rn9SkVczEzWQ3siieX7PcBVYpbRPRGbTgq
78466C617368436861696E000000000000000000,rJgcjY1MZJjw946qRqN57V3TGg9PZEA1bw
444F4E4F54425559000000000000000000000000,rDNBuixZFp8hupTrx8dUFAjwkykTAXmSYu
BAY,r4uq8urnYrT6LnZaadPyusyKCS68HVJtRn
ASX,r3RqTN9tso5TB9HuB4aeiDmrWZEuMSnP8Q
4456534D31000000000000000000000000000000,rJHXpY5Dn2TZGP9CU1HaJZhdX9sAMZseza
GEN,r9sSz7JA6NWfPq9cPtEbg4rDBdVuLHi68g
5850484F00000000000000000000000000000000,rsVZrh3cvisTSHFcEZqPK1ioRzxbeG4PBk
XPD,rfMc2D2GpZiHiXbq44xQHAC2bGK1qbtMA3
3344415045530000000000000000000000000000,rP58cvnsDBXmmGi2Cp4CZ2UV6v5muFFntZ
4C6F676F41727400000000000000000000000000,rGQLkT1U7K3S9pGiXFrQKtsVuLHc9PumKY
ASH,rGETqxutoKZ6VcXTE7Yh1fyaUj5pro7PuE
XSS,rU1XLk6VLRqjGxC48Ab4vVkWpnBzmmd2GF
XMB,rnSm4WbbgCDp1dzJd7drqWkYSnsQTHgySh
4348554200000000000000000000000000000000,rU3DQ71saRwTuknZimDH1uJW7YFS1wocUY
PAW,rD9V13zAF1RoLUDiCqyi6BwVQe4oWVaNgH
5852434200000000000000000000000000000000,rMB5LuupM48Z8KhuBJXnCEBKLGuojLhLQ7
5A45524F00000000000000000000000000000000,rfH4wavPbouU5bceEuP2Y7vrwVzKLdZero
4B45455000000000000000000000000000000000,rnaeGR9VmFCbnaeTyhSV65n7DkRxFJZje3
5041524300000000000000000000000000000000,rE42R1mbjGtMzzFTL5aqpbTrj3TDVq71jo
785368726F6F6D00000000000000000000000000,rHqLei9xJch13JioYHsDUwWJoz81QQh6LU
7842696C6C696500000000000000000000000000,rp3d8cQKMS4r68Gx12kcMxGQuyi9nT2Qm4
24784C454D555200000000000000000000000000,rMPi7rz6i2qDRv9SmadcwbYaKpS9xqfyQQ
UCB,rQUFEwFT1YdWbMFvCVh9CwbVndRdFEPdDf
4C53474400000000000000000000000000000000,rnyGDFEqnNwpyzievKCMhHUi4xs6HnUqPA
5841564500000000000000000000000000000000,rn2rjQnzbynPT2xNJhpBQ7e2aLxNnxLAfa
UVX,r4XUTsMNJoT8Cs6rNHzbif5MpZ7sPH1nWF
4C46474F00000000000000000000000000000000,rBETMo1JSfigtMfU8kBem95vKcFmjG9gSw
NET,rHi8oNeNe6JsKTaBbfhrQdEfDXHGhBcTXQ
42414E414E410000000000000000000000000000,r3KSyXmYTYd6wd6ZwtrbEhQMjnJW3xpK4j
445553544E465400000000000000000000000000,rpnZtxkk8hcNzPkaKF76wwoFVzcd9T211j
DKS,rpPEq83L7m5uVQ8sQ39eDSqwuWKnq9BHWF
584A4F5900000000000000000000000000000000,rJAvx8FtrLR3RyZyM1LyVQFxxsLdT1PmdS
IAG,rUjEEQuqrYdWf4UEKJ3io4aeaSo5UErPWw
DIA,rQfWiU7kRbJBFSXRyQh7GTUeEP6qJ4kp2F
416C706861000000000000000000000000000000,rT8svWEMW3n5XTgezHEqpRdkuMnTafUfS
5861706573000000000000000000000000000000,rB8Lrw5eY42Kk6DE6AwMiC1K4tyudg8URB
7842617900000000000000000000000000000000,rDVvK7xd2M6ZJr9a8suURWLqAeg7FyoDKT
734E455400000000000000000000000000000000,rM4Hpv7o8w7z6cauvjHH8hdJvcTPou5CX5
RVR,rPvT3suYhPpxPtzURekNsUrAJy6cqcsmt9
4672616374616C00000000000000000000000000,rw9oZfkjNkaarwpyrTLjfHzfnUuoGFY8V8
78546F61647A58584C0000000000000000000000,rhiagNCMcF342muHW6oMgdsf9uutCWv5Vw
4D6574614C4F5800000000000000000000000000,rDkjv8oQrgzHjjwZNnFAjWWrhRJgg6g56T
TEX,rHTC7FLrK4NWnZRduLmXUDGWVQMrXarAvB
674C554300000000000000000000000000000000,rXJyt7h9KNMiqEJ9RSDQHMBQatCj3aqKj
584D455441000000000000000000000000000000,r3XwJ1hr1PtbRvbhuUkybV6tmYzzA11WcB
784D464100000000000000000000000000000000,rLBxKkudr4qCU3R6d3o1uKHmqrTqeyjSdr
xSD,rGbNLwrYNuPim39crh1bjyyauefF1VHPoj
TSX,rHTC7FLrK4NWnZRduLmXUDGWVQMrXarAvB
TLP,rHTC7FLrK4NWnZRduLmXUDGWVQMrXarAvB
426C657373656400000000000000000000000000,rQr6VLuduLeFoWBERechDs3NB2cynoujhQ
585250697462756C6C0000000000000000000000,rfGDNXbLExX5BjktQYFgY4kfkK8mNzmuqJ
5350524541440000000000000000000000000000,rwPzJd39swHT6NfxvgGFYE7q9q7EcqKuKW
5852506967656F6E730000000000000000000000,r4hVFan5dVXFRgfWhihGi3Yd88E4f2auE9
7850455045000000000000000000000000000000,rw5e5krAvv1DrWyzmEr1NtNzg5jR26u5Gj
4A414E4741000000000000000000000000000000,r97C2XF4S5yzL2FzvXjdsyfYnswS4ee8TR
ELM,rQB9HhhBCq2zAVpwQD3jV9ja39DmomdWj1
BET,rUeKohnBUioHMPV3Xptem3Sfi6XFjXWCHx
42454C4C59000000000000000000000000000000,rEjdfxVXiaPghhJVXeYaLRhnGpEjV7VaQ4
585273616974616D610000000000000000000000,r3nEJus5Ryoo9ckNmY8XHogoPnLfP1unFv
2CD,rDxLqyy7UEAbbz1kC9HqnjLXae3KZLPNPM
53454E4941434F494E0000000000000000000000,rpoHuxKPrqTfkH7L4cQwtNRKZzszWG6uyZ
444547454E000000000000000000000000000000,rLuGZGoPCEZrXj262RfHQsVuEmNKxw6rxt
5842414500000000000000000000000000000000,rGc7CTU22AbPg8drYWTYsdGVk6nfssSPBK
AXP,rNksjpQJrGktpADcrVjY8u4k9gazVwtSxd
ZEN,rD2C8cVUEdu1o6hiaouxzMpZELRYnVZnh4
5852576562000000000000000000000000000000,rDegPvsK5c2nzaKTn2PsuPZjs8b3neDDn
OVX,rDsvn6aJG4YMQdHnuJtP9NLrFp18JYTJUf
IAF,riafaaac9TCGqxErJvL7qcD61kDnkfHuC
4574686F73000000000000000000000000000000,rwxjYdik47PBJ2UsxseeoFdsa2LdAdaSQW
CNY,rMTqE8ExnkRDuAVrrD7QJubz6JUmkr1P47
58706F7373756D00000000000000000000000000,rfQr7LLaNvG93A3e2h6tjub3pi2oNTbvMA
5877697A61726400000000000000000000000000,rUifimbEkHzyQYM88iJzhUnFSYPvAkiFtZ
78446F6F64000000000000000000000000000000,rBWSH3LmPtEfUrAF3QwWUWegvJyfEPjVkX
PGN,rPUSoeJaHQzrXATtGniVjwBQQDEtJcdwFq
584D757369630000000000000000000000000000,rnSmVZ9z2E9jJ3ac7PJXvobSE7XcYxGmzt
5852506F6F000000000000000000000000000000,rpa7p8yeDFNkNsFEiR1ZHQqxjsLzBUmwzD
4241464300000000000000000000000000000000,r1qbiB6ib51kqNuipc3Asja4itGv2hUeY
785452454D450000000000000000000000000000,rwzfKxHPyzBbGidViMB9bw86WDFSFwMW9J
XWC,rwdpB514zQMLx4Uy5feJBJUtx6LJZMaZLm
JKY,rMi5Xw5Wi99SAqFfuWNAJZXwEMhBk4syHG
SSM,rPmrbwPKweofumw3fNBaoGdWDSc6wDKwKd
4D61726F6F000000000000000000000000000000,rEiqU48BP7iPDipRwU3cPQqo2EbDFi123P
ES0,rsSexxQoxzpqkrDjfdqS2j9kNR9afnm7yh
UFm,rUNFLAKEnWicv4XsnoZrmSN1pXSWSMgZXc
416E696D61436F696E0000000000000000000000,rGQrZvndQsJV2S5cnSdiRFMPT1Fz1Ccvuj
456C6F6E50756E6B730000000000000000000000,r3CPhh98bz4ebEfGJn1DJPxu3XD3REWC43
5846495400000000000000000000000000000000,rwAe5VFjRhwwgCnAGmEfb33kkWYqR8mnoh
4849474800000000000000000000000000000000,raDF491dC9XF1guG5zZkWWpNQoFquwt2cp
5852503200000000000000000000000000000000,r9rRLst96Ue4YTDQkWWkX1ePB6p6Ye4FkA
HSB,r3iSUtd6TKxHvjg5F1c3D6kX7jWTtmr4ah
XGF,rJnn9jdwaBfuyq383hNiX2oowLuLUm2DZD
58434E5300000000000000000000000000000000,rJTwiThswADuUz94eiHLPDDvDgL5Mjc9oN
5853545800000000000000000000000000000000,r9KanwHSeSYB9DXfgc3sDuoE3sRsnQv4wo
RUG,rfEJ1ksD22TsCy8hdKoJuC6Xfc33VCKPUs
XAI,r9YmVNAQo9TAwDVW9WmUPdX8qRCdpeYKiE
XSP,rPUNKXyoE6zZB3nRSTuU7DoUKiQfi8KeK8
4379676E65745800000000000000000000000000,rJYMx2ZHgjocAP3aiK1STbP3CTZASN5Sy8
5852427974657300000000000000000000000000,rBYTeShhNnTGqUTXAd2dCPd6rVYVD1qeHL
58525368696261496E7500000000000000000000,rDTo1anqynfsrqrq1J5rZE9pQNoErnHzwb
MOB,rBqn27sZcfjR8LvcgESPBjgrMybRkk11da
GEM,rnUWBm9tnEvAzhpEGkt6uo6o4AafXPCJaR
AEN,rwuBxcFaUAEVYVDZvXvDXpHkEKoE8Zy1KX
484F475800000000000000000000000000000000,rwM9XzFHdCxnpNFjanc4Sd3N96cz8ip5pQ
4E46544C00000000000000000000000000000000,r3DCE2UVaqQaGQragAjmwL6kNicF2rw6PL
FCX,rwSgqza9DUzr8oPDkJz8xUbPbaxAyoeLus
XBT,radcGxrrqjJb7KfJojjrN1Syn36UC5wQQ6
MWG,rGfKifFcz1mpobiRyKwNL7MoVjDoiefeYT
58456C6F6E000000000000000000000000000000,rfwbcU8RkmVaEEHhX2yqvLyw5xhaugbvSm
4769657A7761436F696E00000000000000000000,r1taMrSAWRWJkaLhyCpPTnVj3qQmngzvN
4F6E65436F696E00000000000000000000000000,rhRFQ9iVqEfGPdfnhePZdS8rCuDhJhSPZi
INR,r9MDUnXQfdKkVrZgDxbPiXUSgvjTPh35dS
245852504C656467657245544600000000000000,raChAW5DVscGKimsCFLhHREpD86NsLF74Z
PMC,rfrmCTJe3zekYFbJfD8QtnTrRrsXvnPyBT
784C6F76654D6F6E737465720000000000000000,rsQRCHYZzsSjMpAs63TtPFkittdJzY3gET
4761636861000000000000000000000000000000,rsGsuzivHfnAP2S7hNAE4morQBZPdN4en3
PXP,rPXPpTDcGL2zhNS2DFCbsep97H6sraTT7s
TAC,rE2EBYiPVALWzHob18YK47P8HgkEv6T1pV
BTC,rfYv1TXnwgDDK4WQNbFALykYuEBnrR4pDX
5872447261676F6E466C79000000000000000000,rKMqegsS5uQbEDU8aDAq2NDtjmDvw465dS
5848415342554C4C000000000000000000000000,rpMevF5zLLyFm2eNd9KUMe6bcyafRHuSnh
4855474554495453000000000000000000000000,rEKKMW3MDVgrjPdcJLx49KEhF9ATEQwzPy
585A4F4D42494500000000000000000000000000,rpwJD6xNmDTq28jcBmAem8KMGLSYChZRpR
4D65746147455800000000000000000000000000,r3zLnFU24bSsYrAo55mJxYXccnojjCHmpK
47454D5500000000000000000000000000000000,rNRtZ2DHkjignxqdyoMqH1uaK5ikxPaL5N
584B5A4E00000000000000000000000000000000,r9adfTxcTeTp1BJQXqtvTvsoK2kr8xYQzR
7847425200000000000000000000000000000000,rnBG7eQk9pPZtfD19uBDyxBUoaYD4HUFWm
784D414749430000000000000000000000000000,rBHdammEERq7nxvHkzRzCUu872k3uQYVvg
78526964646C6572000000000000000000000000,rMKehfMwCNTBo3KoCZvqea35KNyatus3hy
5846414D4F555300000000000000000000000000,r9ZfGV6RpBNA6oewp3WLeyhE5fqvFaMoUs
SGD,r9MDUnXQfdKkVrZgDxbPiXUSgvjTPh35dS
4265636B79000000000000000000000000000000,rMNtmZNvBQqjd9AXyn9Gt4n2FVNt5LZiRD
5852426561720000000000000000000000000000,rKxqkAbT2BQUbtnknSAJon7kX89gUKpZu3
USD,r9MDUnXQfdKkVrZgDxbPiXUSgvjTPh35dS
023031516D58625A4E4654393138363500000000,rwrq8DSnaKFXZzMRQo9GA6AP8CdouPYbGc
KRW,r9MDUnXQfdKkVrZgDxbPiXUSgvjTPh35dS
584742414C4C5A00000000000000000000000000,rPa8cmndFgf5sexbYDGaU3zx83qAWrBKrc
585254656D706C61746500000000000000000000,rMX54z8VgtRhPefzqVkdG3LxsuGdFQcXxr
50414C454F434F494E0000000000000000000000,rPfuLd1XmVyxkggAiT9fpLQU81GLb6UDZg
4C41525300000000000000000000000000000000,rnGvMu8P6evJEYY4cPyzcy4N1m5gcYRjaH
HDT,rEmLBstEaNQqgodQnTMUn9UtkRPi3ieAWu
4F6E6C7946616E73000000000000000000000000,rhvfUwU2qkNfeUdrDp28xF4xXDxu6xhBVz
MKT,rMD4eSH2doKurPNy6K3bQ6Hx1Z7EhoXnY2
5041534100000000000000000000000000000000,rBPtuMc4HBR1SuZyZv8hs7WBVxLBYrzxbY
KGE,rNhSjAMnDJc9tDHH1R4sqggvgDGa8Bwj5T
NVL,r458JvSEmmPwrRbEtmrHvWsGqZjq8jK6aE
50484F454E495800000000000000000000000000,rEpsJ5NaJpQisqmggsCL3TA2YeevgbAFGu
589,rstHc6J8zLvrK8HdoNX4Mj66FQRVkUSTfb
LGX,rP5VrjHKXTFwp1WYwVvhAc9KU9YmbN3rLC
WWW,rpzuRVqQmQeh5Pw2JYgNgLUBdinuNk4ozR
023031516D5663734E4654373936363600000000,r3gTPCk224oP8jsshZDC33oGSduCYbmWYJ
XSD,r9PwqmHiGiE7yAXmG5mk7wSJAeezLqE7Ei
023031516D56724C4E4654353534353000000000,rxMnZdcB6QKNMH3dthPsDc5hXWzjHsMQF
5852426174730000000000000000000000000000,rNMGd6Rfx9pLNz83USQDs7kXDY99RUAHR3
CRX,r4RHp5hGQvi3tibM7Zpj4Hzr2DK97uSrsF
5374616B65585200000000000000000000000000,rL5777XtQsBcwwRFWFuvcp5R8xNhTyRJrM
58537461636B0000000000000000000000000000,rHqNZURCvyrx4DZDF6rxYTpeaQnWrNB1tv
474F4C4400000000000000000000000000000000,rGQtGHrgN4FK1RcEn83q4t8aK6BobzDEMK
MDK,r4pDW1tz1ynuqBAnaf4ReDwpZQCKGv3qdN
ORG,rPq1ReXJ8uEyyRf2BTMu5bj7nKsQ4JTgBu
BTC,rMwjYedjc7qqtKYVLiAccJSmCwih4LnE2q
58525A6F64696163000000000000000000000000,rwuPyekh28TpWgm2BZmC8vEddEmFSf4jb
5852504C54000000000000000000000000000000,rnSW2PRsGk5gX1q7xT5m3iyqrcR62yN9et
5852435300000000000000000000000000000000,rn2aUSJ3mwt72pP4jx8JDyq9ipt9itDqcb
78566563746F7200000000000000000000000000,rJwfewz6T73CvDiaLj5wozSiJzgBUVoAip
78436F7267690000000000000000000000000000,rERY8GCz7A1AN1RkDN1CkPVh8ids6PNgPP
5A696E6900000000000000000000000000000000,rGCoUJgDA3CzdohdPr9vX7p1p2kixaASnK
5852544541434800000000000000000000000000,r42RmRk42JYCAvzSifSGAgsZuJBUm2yJSE
4261627958525000000000000000000000000000,rHMNE7vcmAQQqdkuKzTTEg9SJY7nZVvgUV
58524150544F5200000000000000000000000000,r4kfpQUbs716GpcE8peKmDHaSGQwXZHBqb
SKS,rNspzJyaq7D2aHB8npk1pg2NuR8BrJ78L3
5361766555730000000000000000000000000000,rB7CCiT8oVzqG8YoXouLq1uoHMYsNZ7ief
5844554445000000000000000000000000000000,rU5LE7X6yyu9DuHsLdHhWSiUVTgpyRK1vz
584348414D000000000000000000000000000000,rKmrHQFrixTEV4z8JPhFLFyzsN8ZGtYkS5
5843484942490000000000000000000000000000,rKjxYk6pocyAJHD8k34tq1h6FGYCkwsoLG
585273696C766572000000000000000000000000,rEAYBYLaar6Bih2ZZXTNWC14XcdRGeHoVk
4F4345414E000000000000000000000000000000,rPCrPJ9Uz988tD1aQVAToioDcCGZ8nbBTn
XMF,rP6pULkW5nNsWYsy1wcf4p4YfkGrKCHeRe
4269747300000000000000000000000000000000,rnYtXosnrsbtVTRkMNfBX2CHzjPQom1WJv
58444F574F000000000000000000000000000000,r3RBkBa2hvfW2iZLj8yKo9PDeFCH9n9Ww1
5854726976694100000000000000000000000000,rhLr8bGvHvBgYXAHNPyXrQAcKGrQ2X5nU4
584A4D5000000000000000000000000000000000,rB64rftMocgcJtYN1E7P1B75z1JmrVUWnW
023031516D517A4E4E4654323931373700000000,rsJ46RiUDU8SCJY8dZDDUY9B32qAviqXuu
4D4D000000000000000000000000000000000000,rMMcGhEBpQPQ2VGed9u9c1a5hyq5vviT3D
416E745800000000000000000000000000000000,rsywaeM53nVUMNwKzPdXSwETiLT9tsbCXV
476967436F696E00000000000000000000000000,rEF5RN6VkfEvkHeK9tkTodV8Cj9bhnM1Qj
4150585800000000000000000000000000000000,rL2sSC2eMm6xYyx1nqZ9MW4AP185mg7N9t
585250686F6E6500000000000000000000000000,rGzzsoiXsM3RmHU9Fu9eDQ6hoNoouyQiNT
5852495600000000000000000000000000000000,rMFeo6PiEqeZad4z29ivEj5adGp2TuH2YY
454D425253000000000000000000000000000000,rPbKMFvHbdEGBog98UjZXRdUx37MFKMfxB
42756D437261636B000000000000000000000000,rBuFBE8nx5Zpojj6EY3Lfh4sd1CHskFRC7
023031516D6246614E4654353438343500000000,rP4HkcbosKLQL4HygLZ8Q5hdFRqkb96PG5
585A696C6C617300000000000000000000000000,rhwVLo1ckgcGSD6j7bF7BCPjuR3tshjbVM
53656167756C6C4D616E73696F6E730000000000,rHr4mUQjRusoNNYnzCp5BFumyWjycgVHJS
587250696E6F7900000000000000000000000000,rt3hn4EYMV39xd7pwqMHacJVSu2kEA18x
42414E4B00000000000000000000000000000000,rN7HDdMy9uq6tKY27ZhGTamZ1RG6pMWubE
4C47425000000000000000000000000000000000,rfL4Sci2ag5hhkpDuqtWYov6j3mshVWLgU
58416E696D650000000000000000000000000000,r9ij4uZm8tmDuWUigymNQZRkKRevGV3vv5
4B4E494645530000000000000000000000000000,rBdhf3SADW7ZXk6VaCDM9Pzq5FkKngNVF7
4843415453000000000000000000000000000000,rGomRdjcf3e5zW5qjD7KU6YZmWbAk8u3hp
4E454B4153484900000000000000000000000000,r46H9jJc6T5aTkC1J1oFHFFxHG2HXGEndc
HAV,rPjKLDFj3jXMTBFFw8ZUZbjrTWm63DEPYN
5842416700000000000000000000000000000000,rauUywaCisP1MaeZ67DHf4qKmXUBz7Traq
023031516D65314C4E4654363839343000000000,rsbqv1wZZYTGQ2iZvcwFCvx9AU1PrLV4d4
5872646F67654461640000000000000000000000,rN1X61s99cvkoHwPf7yvpPnaB9SH4xgYkP
YOL,rMJEj344HVDBVy5KH8fcnDfwQCmQ4H2HPF
LXA,rMa6n3DhTqwDGwU6ZquX1iSuaY1tCNLziY
023031516D6455484E4654383639383600000000,rsbqv1wZZYTGQ2iZvcwFCvx9AU1PrLV4d4
FOX,rNrLLdKFEZaw1Bao6Twjes7Jm4jHg1rthU
4269736F6E41726D790000000000000000000000,rKewBkTsHrjWiDTnsrAB2kjTg9bkCTMMyc
5857575000000000000000000000000000000000,roDdiwDhPUs8PVxq3S6buGSgNSmfVu9Xg
5844697374726963740000000000000000000000,rwtPQV4gu83aLagD74rM8mjYNknigXAKL4
5852656566730000000000000000000000000000,rN1fBKQdLRcMUG8VCDihKPqmTgBfgSu4rm
023031516D6653344E4654323934333200000000,rnJHr8F65W3jkALQbrJPpbxwYGKZztonpd
58524D4F4F4E0000000000000000000000000000,rBBh2z5wsxE9gcVE2yUU39UntvRMHDKPpq
52454C4D00000000000000000000000000000000,rKWXCzjycHKiV5c5VzR8M5NXbz5AJjB1fd
4B694C4C6552634F694E00000000000000000000,rJMZZfwM1s3Pgy4fKzEgmK7YHf9wpUBg6w
MLN,rw5nJ4E54qtJYdX8WW6KeSaZjg67rGCR4K
CNY,rnuF96W4SZoCJmbHYBFoJZpR8eCaxNvekK
7361636861790000000000000000000000000000,raj1sz7iCt6ZmGPp1vhZ7DjRjgxcTA889h
XZV,r4JgusJLQt1sMsUEnXSFAXPNnbCocs6Fxf
4368656574616800000000000000000000000000,rfLudDNMJeu3yD6wEPj37GJ9LBpQ4u42d6
4F55544241434B00000000000000000000000000,rMzXS3BwhAwgb4fTK6ohik65jJUKKrzmqn
584C555800000000000000000000000000000000,rsA8pK4EbEHLBv6HPpk1r1ND8RchPabTHC
4655454C00000000000000000000000000000000,rJ4KcB9GueMDYzYzr7XR3j4jd82gG7tbEt
78414C5041434100000000000000000000000000,rhjyUA6MVvx26XnRZsTfFkPGkyov7s2H4d
5844525400000000000000000000000000000000,r9Xw2WnvPBbgur6gqnevmyuRofWZuC4iNt
023031516D6136714E4654313036343400000000,rGJrJYu8UvPhkTgL5pFwSeNuoCJ68uhszz
99D,rNg8LsQefsxWF2snf4BaVgg7CjAtz6BYVc
023031516D6544364E4654363232373900000000,rLR1ju7TMGmhz9PUQ3YioNX6rZ1AstLDvk
5065617300000000000000000000000000000000,rPAArd4yZAJaDCR5gs41YYmGphfj6yzh3R
5852434154450000000000000000000000000000,rjb1JbdHruegp7vmcPmDU5EzYgTUtuLLK
494E444900000000000000000000000000000000,r3Uqw95RzBpcFCSVNphAgWWhjsQTxG5xvV
58434C4F574E0000000000000000000000000000,rEg5q7fmkF387T85T1b3dzViEfspMzcccJ
6368696C6C65646368696D707300000000000000,rMSzPTgQVfZVQViNrG5zGA8899orcyavFL
023031516D6446324E4654373739393200000000,rPpidxyuBnbMTc9wzJ86jwbpoLSEEML3Kf
INL,rsARtxd6M1RBoGKwoGh4ujCQ9A6iDYEu4s
023031516D5164774E4654393237383500000000,rsm98rvBvfRE7BVoLoU8rX15Xo7SFwniJq
APE,rHXHbdcVjHHcmyX7X76VZzmMvBkF4wehsU
784B616E67614D4B310000000000000000000000,rPwdrA6YFGR6k5rPyT6QPx7MrQAavUtyz5
023031516D5233574E4654373030353400000000,rDfiiDNndmZuL1r8fgM1h2VnbdLcFPmrEL
023031516D5853664E4654363731323200000000,rP2fWa1Y7kP8ZcT9wuprh8kjfcHJn3E4hs
BMA,rVosg6X2B873FwaVZPM44CMjccSG5Ha6E
4B65677352500000000000000000000000000000,rJzCA6r1UXKLxVpLf31XVb5Na57hYYZ6n2
5843524100000000000000000000000000000000,rNFDYKcnrUCjxaoUFzBYSiFHs2NLmXT1Gp
4F4D454E50000000000000000000000000000000,rNS9dmNa8wNheRD5mZ8R4YtyWt7ySsYw2V
4172637665727365000000000000000000000000,rUwA9KAe3i3W2yhqh3Lc4XTJCo4bTpdPcX
5843534900000000000000000000000000000000,rn7jqzyoMbECYPgH1j5AcsegKXNrc8JU91
4D41594300000000000000000000000000000000,rfdjz9HVpd5ixQE6LBK2cZT9XhJEYpgBtC
KAT,rEmWWStdxxLUtTAzhRS5VWvtjtNUwWcfeM
53454147554C4C41504152544D454E5453000000,rKjevbXgCs6sP8XTLz6SgcE5RKCLuiS1r3
5842435000000000000000000000000000000000,rsxRfhJh9GZe1dcjH7XwL9rSr6AjQmiM9A
5275737369616E41726D79000000000000000000,rnkGhzHfFtPoXws44PgZLMTCXZGptxcJFz
XCL,rswu4hb6GhDse1CGEisZrYhCCAPPbDDcAp
50584C5452424500000000000000000000000000,rw9h8CvTmbZbhRwR6u7NPAwjcQuf3CaDoU
78446F4361736800000000000000000000000000,rNsUnCdoFL2498VFc3aH84dSyrotP2mzLD
70726F7078000000000000000000000000000000,rDXPvUQRraTGut4sGwd1UBBpQ9nZEhLnb4
4752494D45000000000000000000000000000000,r3Xh1GTVBPooVkc5jWSAtzKXQPPPFJKgb9
4D4F4E54455A554D410000000000000000000000,rNJpp2TXWrtFfNs8mbEsrj8gj6XVHfHywD
023031516D5478504E4654323938363600000000,rw8A1YvnjPtXBumtTeEy4cQfFcc6k4gsbH
41726E6965730000000000000000000000000000,rfzRVCV35aXN2xNRf2hhq3o8DFDpUt8DEa
5852506574730000000000000000000000000000,rESKaHTUhDD5mT2p1H99Y3KeJVc6Y7t4vx
5633536166654D6F6F6E00000000000000000000,rENCYqb6HKcCRbRWBuufG1vwZp7JFe6pBE
58524875736B7941766178000000000000000000,rN2Dbi8s2NVfsDV9pY4P3AdJsYgQc6bUR5
5A656E7300000000000000000000000000000000,rwDUCnzBisR37rUAbHdjpZwoTdSavBoY4f
4C56454200000000000000000000000000000000,rnyGDFEqnNwpyzievKCMhHUi4xs6HnUqPA
556E6976657273616C0000000000000000000000,r3Q5nzkGA9WDz2gCZ3ZSEy2yYseSASru3m
7842756C6C776966650000000000000000000000,rHNdmrLoen999m7HJpTDVPtazcRzn9DMdH
7850756700000000000000000000000000000000,rNxNMb7h5ZT86EXy6nHtxSpf4W8ZMLNy6b
4D454F5700000000000000000000000000000000,rh1MUWz6HJGWQgRUwsVeRdiKR2cDBkZDDj
476F72696C6C61476F6C64000000000000000000,rGQtGHrgN4FK1RcEn83q4t8aK6BobzDEMK
111,rpwnicj25Rh3QEmdxCLRYVTf69ABHP9soy
43656C65627269747950756E6B73000000000000,rsfZH5bmvAUk334hKRJMzoFEVkeFvWCdC8
78445245414D5300000000000000000000000000,raJt8azeqGixW8D1xSNLrELJu2m8W9EAit
78526163636F6F6E000000000000000000000000,rKECgn8LhVwMtHyiGZcRu2H1e5mTo6Gdw
464C4E474C000000000000000000000000000000,rpzHixvdL2hZ6Y1kmkW4tFnnShq4Vgu691
504F4F5049450000000000000000000000000000,rLUsTp2w2QwrqPKCB48MhUQmpjuJjRYAYa
5852647261676F6E000000000000000000000000,rEMzCUeRZbx6ydthbi2RVNYdRbuqqsrYof
78476F626C696E00000000000000000000000000,rpBCGo3e3cKqHoxjghK8AUeWYK2awGA6fB
5841535452414C00000000000000000000000000,rwCNcLU7Q2pSz9tkLVQaAg5dN4NhXfKXKX
434F4C4F52530000000000000000000000000000,r4R8yypDDRZjBBLsUmT3KNusmVPYs5YqSV
7856657273650000000000000000000000000000,rfQ6YtuSMVY25mJ9XhN35gHiwotiASvfyS
CBT,rJbpn78QJxKpwz8daMCHxHVWauq3xdMn9M
5455534B00000000000000000000000000000000,raMsKbJcRYLF1nwhWPntqXuwBdtftfi234
023031516D62626D4E4654363339373100000000,rDoHRtRSynemYPTt5rF6kE52du944Tgegr
585348494F000000000000000000000000000000,rGxSsVktuy9aCzckSbTf3yQissD3oD2va5
58334450554E4B00000000000000000000000000,rKGMZbfKhVhmbQU5DwGgF6tgQMzzK5ydxr
584D61736F6E7300000000000000000000000000,rfS2WUDbrMn25MbnD9XHivbQ5oYsdpvqLm
6E65786974000000000000000000000000000000,r9prnHupoaKPkGkhiPVtcUJjZ2uUHymtX1
58726372617A79726166666C6573000000000000,rGj2qekahAPwpT2ghxYH6kKL7p8HTYQEHx
023031516D6564524E4654343539333200000000,rsG1tWE8idJ9rEHGJ5zvVn5ynJAYTKrJbJ
PIN,rhx9yNhbo7xtTy6rBY8xrUYkuYdyVs5Arb
5843524F43000000000000000000000000000000,rpLw9SsJz52DpYWL5ohS2s71FgVeohHACQ
584348414E474500000000000000000000000000,rwdsHNyqF3i6iEbpD5mXytNNEdHQdEMHjm
SSE,rMDQTunsjE32sAkBDbwixpWr8TJdN5YLxu
5864696E6F6D696E657273000000000000000000,rH35xqtkhQPzYr8jyzp1rHbiG17KpuXa1s
43756C7475726564000000000000000000000000,rpFrFgdGnaQL7KFc9SPDYMd6YS3m4smscV
023031516D536B764E4654313034373900000000,rPbut7jznFpa1xgmCjBTrTKcqtCdGNQabv
426F72656447697261666665436C756200000000,r4zSem19BpM2HZyiVo1D91iqYMRiUqznxL
504F4C4943450000000000000000000000000000,rM48gdV6TsKdB3UGwjy4PJfrSPy5hdWqz
023031516D5A354D4E4654000000000000000000,rGAnNSGg2uaBCezbL5aThhS5peNZsqZGX3
584B494E47415045530000000000000000000000,rK6H71AGq5ndQ3ChRL3rKABB14qmj68GwW
4170657350756E6B000000000000000000000000,rD7JGkzLtHUuKiyhiWuKvwU23mkD8kmQ5Z
5852576F6F660000000000000000000000000000,rpcDVvAQ4p1v3oTpHa9mycpwzvoNMrVUZz
CCR,rPAKJxHcHEkjPtpsSTGGMWLvpibZiuRJHi
58536861726B4E46540000000000000000000000,rGtBVC62X6vPQP2gpaaHNHGxhNxGx7FEfH
584D6F6F6E000000000000000000000000000000,rEvV6gWZn2HgEr3nkj3xBmgCTqyWcknjMD
023031516D6453424E4654323332333200000000,rUwQXUdgFuwhgUg4mSp2x5GBswX4ryaKDv
58524D696E657200000000000000000000000000,r46UPDCgKfSLhGisjavEeb48sHmWbnzcX5
52494348444F4700000000000000000000000000,rgJsp6hH3mXopHyW8yM85rJYSVy8NYgWr
4769667400000000000000000000000000000000,rBXXRBZ46rwCkS9mHom3WW8u7gSytb5KcZ
466C756666000000000000000000000000000000,rG81ZwWpJbwvkrSPMWYRNAQ4JrYVGzDZfx
EGG,rfPhEGpVC72d29oxghgA9Zjuas65pMg1Df
426F72656450616E646173000000000000000000,rMaPkHEY5zVoZ3XV482tm4fuMRnJTuoAZp
5857415253000000000000000000000000000000,rLC88EkvQUmVM3PVzDejTBzRGx1hKwBsUf
4B4154414E410000000000000000000000000000,r3uVTkdzg8BGvfChrpMetH5noSn5XawzMz
7864726F70000000000000000000000000000000,rwCZMiLKFd1Nct6MAJuhcD6ALv1h4UsyKf
XBG,rnd5q6zGMk7v1iRcgtbsu96UvR2tJ9uPzY
5872705661756C74000000000000000000000000,rNJhYNbxtRj8upde5BQHRSUssNAoFwhc83
5850697869650000000000000000000000000000,r4MPd7d3WHpaD3qWma1QFmpyLJ3y5cLwtN
5857474C00000000000000000000000000000000,rhMz9DtWqjvG7L3MGqFo46UiYnACQoExXq
4457686970730000000000000000000000000000,rP9EHmBydctm7xQhPPPo9if4GRXH3V4Go7
4355544500000000000000000000000000000000,rMyLn261pBVKtgMbzFpbAsFFBL7ksbFvvM
56434F5852500000000000000000000000000000,rDecvvWKRtfFhSB33nHWMZ6aZfknA1ngvo
5852416B697461496E7500000000000000000000,rG2cjPNmDxxVM95k4MJD66DZaAfEPtk1GT
314D696C6C000000000000000000000000000000,rPWsEKUdVCgrKVM8x3ZbcdWY3eKTckziVH
585268696E6F0000000000000000000000000000,r4Bej4WbpCdSpYCvi1rETFyR6X2bzJYHoN
58506F656D730000000000000000000000000000,rH8hYUS6jr9dk3W96ZCYp8fcuwk5FGQEJG
XSK,rNmpYDWbzm3pidTSmM6a1FmTVgi1xd8Bke
4741525900000000000000000000000000000000,rw9x7P97DiZ1qWoGXefiztPz49eYNJJtjx
7854687567000000000000000000000000000000,rULz7kXrUkXDqPvW5t3PrBn8XJ3GJytqUi
584879656E610000000000000000000000000000,rL76MBe4NVHkxqvPVXPrk9tVRj9buUARaf
SLX,rpzM9uVZ8NqQA1pcamhtd9afKaWLLG5rke
7853686173746100000000000000000000000000,rne1owrwbP5Q4W8LvH9BM9shjWNQ5dKwqZ
414C475800000000000000000000000000000000,ravdhDikgTwFsqFrJ3DuhVUYdAbxJLjdNT
EMB,rfQYLw1szMWWCob7VtAGtZtYtmLtCCPLLs
DSF,rsiSiZosBx2kiz1sRd1NEi838qWumVXzqx
X20,rNmdY5wPVTx9awvX6WyDfJwbdgLzc8AY8c
587270736869656C640000000000000000000000,rfP8HR9kMgYZyYXtmBqFRFqBpi2DBXkeau
XPG,rfJwWjrxZU5Vsk9sTVXKLdyrce1CDTjhDf
78534849424F5348495300000000000000000000,rUH4VReNsA3eQZY86TAbErBz49GdZGqHzJ
58506F6574730000000000000000000000000000,raQ1XkLHnUsrYqApWzX3pVirZdArG2h7x1
446A616E676F0000000000000000000000000000,r9GADvxRfaaxYQepHLqRPCH4xfAwMCwyWa
QUX,rfEG1uxjAqeLv8joDqeUqomssVWSpoX6h4
EGG,rfwgeFU65NdYN5xDmogu9gB3hroYFhAqnL
4442445852000000000000000000000000000000,rH3jeL5UgE8KKJYSN8LoQX2mgh2kZoja4x
BRM,rBpYMFddcphoZDv5MswtyMp9hV6b49bEcV
506C616E65740000000000000000000000000000,rntdU6TyFEjyf8JRkrG3ggJnsFF55zRSq3
444E534B00000000000000000000000000000000,rDNSKmHYj6NZfy1hvxNaT1kyUChvJFerkd
XGA,rJDfhtBYd1azPeahoxGss7Bi33hfEhmaJL
58525061726D7900000000000000000000000000,rDFqUqByvp86TmNppRT4svFrpZwnsymnvU
58434153544C4500000000000000000000000000,rpU1YBKBCE3rnms5vwgXHHouLapVZv7KDu
43616E6E61626973000000000000000000000000,rEdSsC6euwFofzLWZdqmDFu1HExPzR48aj
EXP,r9MawWuzyeeSj6GrqWbuT3BNbr6N6GPCYy
ZAC,rnFkVZytG6YZEGihGeGud9QPqjg4VgSXQg
BNM,rHEULEU5TQwCpnMoJVkaPX9TB9UrXWrZtF
SPK,rBGuYfE3H3AyhWANSe4fKrf8z1aF7hFznB
CWC,rHm8VBgtAwKAWyueyhrDxDfwQ5k2M6Tz3W
58414C414E410000000000000000000000000000,r8zkzkjvHxTFDkHJrqpssCd5HDUjCgxck
GUY,rJmKe5N1JPa4ocst5MAbVpu3Ggzv4kdVku
48656C6C626F756E640000000000000000000000,rML7dFchDJHHMwgCbSYE26TM2qdYnBWe9r
DBD,rMuUAyEwGpQAKKHWjEjJdMWqDQp9mbDrVU
5852446F67677900000000000000000000000000,rBWhyxYTW2X25HiEjmr1Kk7P6VM6sWGx8Z
5445454600000000000000000000000000000000,rfcdWJmFhMVomRM5MqniSZuYfCyZyvRkkh
5876726F6F6D0000000000000000000000000000,rNio2YtPkiAvQMTFSCQPmPhjMdkMzWrLAS
MRG,rHpwTr391FggkYS1PPkfkM4NGTgF57YuLC
476F6D69436F696E000000000000000000000000,r3jDb7aM3UDGSttVNcC7pxz1akGmPRsDkN
576F6D656E000000000000000000000000000000,rGiv7xKG4ShaRz4KPxgzXC1teMBxnaPyRU
FYX,r91QDSnUm99ty84TNsv5ai4HufjFMsHJDF
504F4B4552000000000000000000000000000000,rfNWXEENu93dvCBnjpFY7mRpprZzBUx8hC
XRS,rfM28hjg87v52SVyCxHuG1VnqqDpb4Bm5Y
BMG,rpR32FXJoGv5K9Qwyu3cW8dSCWeu29cy88
46756E696D656C73000000000000000000000000,rUrRE87vVu4sLb3HT1TJBa5yrxb8mcnKaA
5852466C6F6B69496E7500000000000000000000,rDPgPKpSvxo8z674Z5oKzLc85o5JvLEoyH
585250616E646100000000000000000000000000,r9uQt7Y34SwSyKqdb5sMmAqk37rh3Y4V7
584D454D45587175697369746547636F696E0000,rDCCBV7riXcnQ3r345sqGJfqXFLpCfMUqd
7869616E6767616E670000000000000000000000,rMUqLuW4RpBvVAKNoaCubvbXgzuSnf6P8J
XGM,rseMc5T1mqfMQB4pWt6XwwMKG6YhWEGnFv
584C4F54544F0000000000000000000000000000,rHoPikA81frt2FSNaW5ZHdv6LfKZfeqguY
586769726C730000000000000000000000000000,rDLfe8aoNDtrVA5BZC79j37cmhSYCHdHpm
5445534C41000000000000000000000000000000,r91SCjzULbyv3Y4o1Czem5pcYYxjNJuaNo
4B494E4700000000000000000000000000000000,rPxEDPLfNp18mmhnmgn8pnxdWqo8UfnhRy
58446F67656C6F6E000000000000000000000000,rNFKrSUW1xKzDwHz8J9uVAs4GpxtEUoAsF
5842756464686100000000000000000000000000,rJRE6wwTSsPe5A7rRC2R3v2FbPVY7rbxuN
53504F4F4B595800000000000000000000000000,r3L2Lcnm3o2tnDw2fmNiVJDKtFDYTgUksj
5842554753000000000000000000000000000000,rLAMN7QmVfrGJdt6mb4pZsp8rSjKosTfaJ
48617070795261636F6F6E000000000000000000,rBq2VLqRcthMU57n6Nw9125PF1Mxng4uyq
426162795852646F676500000000000000000000,rH9mTEofDstHfgT83kutpT5fJgKxKBAvqv
CCC,r433dvTW1cM1JGWTeRXTPTbCA87BcUoScj
585374616B650000000000000000000000000000,rQNJfjKVcghkCGf9M9FBrAvyirhmYbKqCL
CAP,rBwMPfwkB3kFJd65ui4JZmDvEzEequMLnJ
PAY,rMH8M1a1vWi6EwySMVwrnPLg6R6PzDpBVT
5852507567730000000000000000000000000000,rsfPbNNHWz5262XgaYtrWvTgfX34seaNgh
58434D4800000000000000000000000000000000,rsqTzrgdfeGTad4k5W7g6dvZKv1CZM3cEw
5852455800000000000000000000000000000000,rPasXvMsRmrqmK9HMT5MQp8ie8ZVoFBwtG
784B796F756B6F00000000000000000000000000,rpyNDFjy2W2wE3o5hB9HUiDCwvz26LeuXf
VCZ,rJ3GrAXX821D7XnnMgndBGe6CgZnEHXr1o
4C49464500000000000000000000000000000000,rMmg2nrgRAJupwXJRAtEMqmezzHFAStE76
50454E4700000000000000000000000000000000,rf668i9G2d6Xd39tZF19uKGLV3XsvrxFw7
58524C5A00000000000000000000000000000000,rPVaiUCm98WPCtQbLhXkSk3prFR1aTZTmx
5045504500000000000000000000000000000000,rE4jUm1kxWdx1sD9TMnc7kopGsR7R51onx
5853706C61736800000000000000000000000000,rw3Xyya7wcGvJsbuF2oSVY5BcR9pvbtRAR
RDG,rgJsp6hH3mXopHyW8yM85rJYSVy8NYgWr
5847616C61787900000000000000000000000000,rh61FBhuEwAMQ9yArSaEFd8g4dZpJoj6AW
FUX,r9S8MujtHbaVfoLeSdGyXus9TR9UbgyD3Y
58506C6163650000000000000000000000000000,rpYzSPcaU6nvu5m9axa6qztG7zG98VGqj7
7842756C6C000000000000000000000000000000,rNpNdUKp631RXzqxbjjCYsJp6g8Q5T5cGh
58506F656D000000000000000000000000000000,rBXM5Q2GaWqt3ARThHAd9A3Q6MBPwdAJG8
54696B546F6B656E000000000000000000000000,rp2x8Taz9HD4UYGBF3mERkksTE6ZjmFBzv
5858585250000000000000000000000000000000,rJiBnVT8dxj2QrGu84MH3qWtDzXMTR7QUJ
45726F746963436F696E00000000000000000000,rN7kuYm6QbuVHtcybjZcdjvHP1XNFtNjah
XHH,rJWRqdKTRfqoeHERBDJukWWNTRrnwayDca
585350554E4B0000000000000000000000000000,rPB7vXTeWrQ5nxEpQbLvay8nfJUJfeecYL
PPT,rpdRSNVE5UU26ewDzJZs4afEwkTvCHXwVA
784C6F7264654564676500000000000000000000,rnQPyTLGVD1exGZCBD9XcXvbedMG7Sy4iU
584D454D45636F696E0000000000000000000000,rWE5SePEBuVjJUoKXA6x87hQ59YPZCVD6
41534B414C000000000000000000000000000000,r9d4C5M3A7yaLfVgntmiMpj4ovFGLvZqZR
5852594F44410000000000000000000000000000,r344ghnxmqQf5GsyZobTwtAEn39kUcjVV1
586D656D65476F6C64656E536D696C6500000000,rKNfnXcioJdKikc5hcwSrcxaqjdHwYRqMU
4647415259000000000000000000000000000000,rKYsFjADNw4ZVdN5CEvpDUBJndktRGYUrK
5369676D6146696E616E63650000000000000000,rpU72WXz1b9bnq4ZePgMvddovTwFXxY2Ar
58506F6574000000000000000000000000000000,rHp991Ms5hV5f4NYoeUeCymmmAFMMt2to8
427566664B697474795265776172647300000000,rHingngfqfmXVL4FKaeAsyrdW9eGVkGWr8
XHN,rD1SDBGrD5XNN6NrXQWistmzfGX22foe3H
GUP,rPrTFNxEEk29356c7LuriRTpornftmzG2c
DTT,r3ygvUawCTEPZ7kosTktJ963K3KcrGXbGS
585250554D410000000000000000000000000000,rfyTyT1yaALxYDaGcxPBcfqfbjyGBPkVEF
4B49534855000000000000000000000000000000,rUhCz5efkuJTk714rtnyx8obeMd3uu7Hxz
436F6F6C43617473000000000000000000000000,rMfH4JA9skPwe9bTDJ9jwnL1E3FNYDgPb6
584B495454590000000000000000000000000000,rDzxZghEmGVRAvbpNSDbHGPgETkqHiZ5di
589,r4tbzMJa2QKJWBwVirc7Um4SAfCNgpjGAi
4E65726458000000000000000000000000000000,rUBbS5qeACf13KtqGUigr9rUDqZL7PLAT7
OPI,rLekuNt7xSRBJKBtxr4nqa3obGmUa9nmYZ
5843594245524B4F4E4700000000000000000000,rE5rDBdKTzCdtTDA1kr4MZMt7vsUxZa6Ed
5853574150000000000000000000000000000000,rDBWu8fWvxaY9dgNQXy2MYVtm3TRNY5FqE
5461696761000000000000000000000000000000,rU7DzNUWtuirSurudzWe4PdKaHpw8rNe4Z
44616C676F6E6100000000000000000000000000,rn88jxrNUWBfQR9hfoB2MDjiGcvbiV7M3o
53504F5254000000000000000000000000000000,rwxwUwWpWAQK6jFRcW12Vx97riBu91MDPi
42414478547275636B7A4E465400000000000000,rKas8SuSUBs7qQ7TaC1fQw3sviXBethJ2r
58504D4F4E000000000000000000000000000000,rsPJB6uvT4L57i7rN2MJoCZqKXLJHJQMXg
5058435300000000000000000000000000000000,rNwgtMaqziGqLiDzeXE91B8D2cB5m2fDhc
5363686F6F6C50756E6B73000000000000000000,rJqkn8ktAGVvxGaATypncN5DeYajMRDnFW
78636F7700000000000000000000000000000000,rPD7kvua4tjq9uAXXBHxh4jVx6Y24rDNWQ
494E565354000000000000000000000000000000,rsoiJStU1o7PLZcoqyQRsCtfWqchdNrcBZ
3538395800000000000000000000000000000000,rp6An8nRQTbo2zk3oNf1YiRA53aGjTvmKi
XSG,rN7RrccWk5hbZQEX4f5ED3zuLuFKNiT64
KEK,rNk7zBtJ2EbUHqenAHR9ntyAiAb8sJD1UG
43656E7472616C52657365727665000000000000,rfAPdqD3W33CHAGMb4P7tpJVyNE1AGuZHg
524F4E494E000000000000000000000000000000,rGk8tKECA9fxh38ikDAJYn1NSdDcYdY6XF
NFT,rECjU1qA5Ug8C5iseEW4aLrf2d7o2axeaR
TNB,raPGudFjoUhc3wbnKRkRLUU4X9QxWbQoga
ETC,rDAN8tzydyNfnNf2bfUQY6iR96UbpvNsze
ALV,raEQc5krJ2rUXyi6fgmUAf63oAXmF7p6jp
CNY,rpZKYbjZv7o2q8sxxfKY4CWL79My2sXQNv
524C555344000000000000000000000000000000,rMxCKbEDwqr76QuheSUMdEGf4B9xJ8m5De
44524F5049434855000000000000000000000000,rwYQXrv6K1SCupMUDvhDV52ZUxNAL9Zp3y
EFT,rKozezaJTx94UAQDGFPqxJ85DJbt6rSVSv
47454E534C455200000000000000000000000000,rhWMuMruSSdgeVjcxxUKrU1pYYeE684fZr
PEP,r4eNzo9fDVjME4EwYS1wbTK4J2br5opD1F
4D45475553544100000000000000000000000000,rhqadmSjJekWLgXxWoHhbi4SCK93pCu129
5852504D00000000000000000000000000000000,r9mZNnos1GLtc55tkmr21G9BgXxV7w9hT1
BOL,rJbL38RLKYLjtAckuKX6ab9KveBRWCow9U
5852504C32000000000000000000000000000000,rNvUHsXe2RdeEXW6u8LYrgtAWDxoq23qAN
5850455049000000000000000000000000000000,raWbWAPHLLAKwSpNDFW7cuxb3S6VdPiuwc
556E696F6E436F696E0000000000000000000000,rMYeffeDZeJtMWDM7StFj3hQxpB5KL6hfa
4457494647000000000000000000000000000000,rn2v549T6mSxtLuWaK58sykNsNqYqGU4Rh
4752494D00000000000000000000000000000000,rHLRdLwXiBZSD53ZQz8ogGJz25LzNCCjSz
ZOO,rLnBffKygdMw39ikvTpxFStUVFhiugRCMH
4F47636F696E0000000000000000000000000000,rHSrt92tKeHoNyxrHsjGpfnbwVCGUzGoGd
4F7A7A7900000000000000000000000000000000,rPEeDpWbqYmEXwVusMyuEAWHkk3x2zYgah
4D4D434100000000000000000000000000000000,rfRiWqeSghwY7XAhCJzgyJ92qpt5GhMEVs
4245415354000000000000000000000000000000,rBbBvDULM1Lk49mpZqahmahkNEeKbBamio
2442565400000000000000000000000000000000,rhPfM28FCuFkvgD8KJa8sj4t4XgmKA92bV
585452554D500000000000000000000000000000,rKBYvUg28c32ErC7h79yZLKU6Kzc8LJ3dT
4D564C5400000000000000000000000000000000,rES1qiCncobCSVEZfCy8xUFF6hiHgDmcof
47414E475A000000000000000000000000000000,rs1KCNdd3VsQrTQEKJhSvBruBjuuNSD9bV
4B414E4741000000000000000000000000000000,rpngtyewvkbhHPwGDBdEkrmopcMSZbaKQR
PTS,rXScwRLVovimHV43pHvY4RhciJi6MVHpH
474F4F4400000000000000000000000000000000,rnp9H2uxnMmmuJ9M21KxAMD4jatVBatJ8Y
414B495441000000000000000000000000000000,rJci5DG9cXfE1HHrQRqu8HZianfPo4tqRn
524950504C450000000000000000000000000000,rMgrYs2XYgbGaLZ19HbUXfi9rpsaFQYwgc
5852504150590000000000000000000000000000,raMcTnmN49iFgE2WUk7siLLmfpQkZ7UyUT
5A656E6F78000000000000000000000000000000,rfDMgDAKkSDB92tEKge7rWfxdrs8WEhRqE
4D454F57494F0000000000000000000000000000,rMj4sDQJ9QtnBVueD1Pkz3uw1xFZkVzhzq
4654455448455200000000000000000000000000,rL9akRShvus6Frerwxr3ovKGuRkHqqV6MW
427562626C790000000000000000000000000000,rMEkCkgygmzNuD3wmRxsiRXJmrxBd1g7KR
42724D6500000000000000000000000000000000,rUaGhNqzdSSGQqyh3NDDbwUPeZxxZ6Zntt
426F624D00000000000000000000000000000000,rpYXXuuwNHWyufrVajWsUCZQGwCCi484Mv
4C65646765724865616473000000000000000000,rmk22bSfAGTL4jdnxssxEfZUeqQUNH5yL
4772696E64436166C3A900000000000000000000,rpnsWZPLipQMG5aNgfCoE5St1pFrdzZiVh
4344524F50000000000000000000000000000000,rG5RCzKA2jHtraWwqU4rk3ALFqB8iGH3ao
534D494C45000000000000000000000000000000,r9y7uksRvoPYpMxdgVQsMi6S3MGwAc3MfT
585265616C506179000000000000000000000000,rEWPvKZtiLNArLXknxRGDFxCdqSU33NWiT
WTF,rPVCgBqemAjGFMnUiUYq26MtukZDHnNtDM
42616E6B00000000000000000000000000000000,ra8GBTN3ENXB2m1MsSDNy9gprgr6q1FbRN
2450484F454E4958000000000000000000000000,rs8r2XELsvrtMyPioDdzgLTVu5RPERogKg
JED,rHULcpafbk63eZfjKpxrDRdC74M3as24aY
444F475300000000000000000000000000000000,rBYPgEJK6zsnPW7pMVnvuYrheC1U56YEWN
4B495454454E5800000000000000000000000000,rn1BKE4uEFMqN7HrJzWesUL479NCFPdCyq
4B61747A00000000000000000000000000000000,rBi2coeQDYYSV9SaYk2ehXepHjFQnv1CBH
53574F52545A0000000000000000000000000000,rDaVyD3GWC9zoAqJLgDnHu2TNXTogDTn28
SIX,r7777ucivBMdtni2R8ANnfT29Su5dNpGd
5842495244000000000000000000000000000000,rsr1Wt1mtobVBPAgQF2WUG1wieCFpEdTq1
OIL,rNV89EoymKRHGWhHDcZj7DxvN2hu4jKMGL
4461766964536368776172747A00000000000000,r971HKTQemg2cKoTTbHrDsV2Ty6S9K1T8j
WIN,rwinVkff11TgZY5v84dLJTBFtW2ikmpDAo
TON,rKYCvcyEpbgZLbMeheSCj3EbV1R9bnHVvV
RUG,rniCNwo7oAeqBWtAnwgauZN3uxbVRn1m3p
OKB,rsL5YuuidUu5zqSDdf4KQEpp3eHdPy2yes
GOP,rUNShuRNnpwV6FfBz7yuJLm4GJtBFzvsDr
424F4D4500000000000000000000000000000000,rBoMEdjto1usnTo1S8zSJhwE2L1bBtEVbv
H2O,rwM5eWRyRLzqX6yrGBgLXpy8LbScvb6LH9
WEB,r4GmEFR29NgEyN2coRmHLtzu4HeRg4DqJy
DOG,rUff21bR21VqaCWifH8kCLW5utx2m3GTAT
TED,rH6rRcQnciG8idpamRtb8WUa3QiRAdn8fh
6558525000000000000000000000000000000000,rEGGMTQrKssttuSsKYJzm35UMPymRZAFhV
FOX,rhg589qyEiHgvLtWv6pbtFyHH5EvCwcC3m
546174746F6F546F6B656E000000000000000000,rG8hYB8hauigZthD1DmHfgLxCxpSXC2Vdn
JPY,rJRi8WW24gt9X85PHAxfWNPCizMMhqUQwg
VOR,rN5bQKZass2BWd7MhJjBQN811JhYewqiEQ
RWA,rMEYhCRoKPUSi8MVUivE29sKGsY7Vu9YjV
NOT,rBotHjVFkcBTQnsj8EUowzV6qwyhbAVna5
STR,rpWZ28TyCoXLKarAuuaZD1Td4BezsKFArJ
78436C7562000000000000000000000000000000,rLJYZTrdCsG8wNMEG3FZ363Fhq6Fis5PjL
4155444400000000000000000000000000000000,rUN5Zxt3K1AnMRJgEWywDJT8QDMMeLH5ok
LUX,rNEWchNdJDBhDBmQrEZiFgk9WBjX7mKbvn
4C53564300000000000000000000000000000000,rnyGDFEqnNwpyzievKCMhHUi4xs6HnUqPA
AMM,rMnacxxRPJwDDp8gy5LTqQtSUoLnpmixeT
5553444300000000000000000000000000000000,rDsvn6aJG4YMQdHnuJtP9NLrFp18JYTJUf
lXl,rL81FmSVCtjgzyKuo5pWzq9wj2HgafyKjN
424142594D423538390000000000000000000000,r3aQQF8j1GEzixTVXFCB4N4m7UfsH5ADzD
544845434954594F464749455A57410000000000,raiata7DoTJL5CMHuYC8BYGE6J4psyCMcE
554E555300000000000000000000000000000000,rExFuHwgcQ4hdaE9zVFeStGcSd9xTUUdfb
416E7473636F696E000000000000000000000000,rLBpjpABZFHZt1eUAra4XYKhG95E4GhT4t
4150504F4C495300000000000000000000000000,rpw7nNCNQWj9hjV1fonjgox7q4Mb2TkqtU
GCB,rNdwi8ain5ibXNB9A7H3zzKtSxgVzAqqAe
ALT,rabAY9tuU3T5zbYbyo7JcTevtwpjS83Ypc
USD,rJsSmJqj7eRAvCmc59tH5t73b1rQD6Es6M
4D55465400000000000000000000000000000000,rw8YAeA3NvxC8usv17mY9FkmS1ei2PqKFm
AUD,r9MDUnXQfdKkVrZgDxbPiXUSgvjTPh35dS
4C4F545445525900000000000000000000000000,raafvf2bA2X1p3EBVXcMxr7X1X8sjrYZfC
4C43414400000000000000000000000000000000,rnGvMu8P6evJEYY4cPyzcy4N1m5gcYRjaH
48617070794E6577596561725852504C00000000,rMCLtcUw51kaYWdAsU98dMQYjRtQ7WidvL
5347555900000000000000000000000000000000,rp3cxeqAtzcgbn2LEXw8cCTjdtv81gDLYa
5842656172647300000000000000000000000000,rPdNJ8vZtneXFnmpxfe6bN3pSiwdXKsz6t
4661744361740000000000000000000000000000,rQ9oCoSZx72ztd1rpifUnGfwCwUdnr4Rds
MGT,rwpQQdPJZmnGFNrPfbtCjtStdBxZK8qs3W
5841555200000000000000000000000000000000,rpHNkyZpZTpW9w8zpxUcwAbgLNCGyLHPFm
5553445400000000000000000000000000000000,rDsvn6aJG4YMQdHnuJtP9NLrFp18JYTJUf
023031516D5864464E4654383130353400000000,rEv3iALVx1qe5RcFmeJ2xjPG1XddA59SjM
CNY,r9MDUnXQfdKkVrZgDxbPiXUSgvjTPh35dS
414C504841000000000000000000000000000000,rwSqY5LuiU6nZutikF2Ubnm47MwDnaKGUz
466C6F72696E0000000000000000000000000000,rK6eDW2GbUjKXELxsvXUbA3pJuBuGx2piW
WTF,rHADAXwGgVtqjgTdN6g2YQoqiKSKZRANXG
5872416B69746100000000000000000000000000,rJzgPGTrjLV1JHivpu7428WMti6pACz44V
4C33583100000000000000000000000000000000,rUkVw8EvYHEWJAVKzuozQfSmCzTz6Qgwmg
5958525000000000000000000000000000000000,rEzPNsT6RzKj6ocQw3TjMBjBP2w5M2RiAS
023031516D587A414E4654323032323900000000,rhGuE93W1u52ueX11dhby4SdiNBX4JWRhZ
023031516D546B574E4654363030353500000000,rEB5dgyK8h4YrhvyZMP2myreh8dKKuZo5L
023031516D535A644E4654383635343000000000,raQ55yHxBFBtuARL5YyvJRVsLcEsEBWp78
5850434800000000000000000000000000000000,rUAWSkedYnTK42QRZeUzNDqZFJZBTPCHrk
023031516D6466474E4654343837393600000000,raQ55yHxBFBtuARL5YyvJRVsLcEsEBWp78
5844455800000000000000000000000000000000,rPXRmaPf4PDXikmXF1nAyxxVpyyVhyx1We
CSX,rG9eYQaixAV16SWpuDaQAZnfcaJx11DtJz
XSF,rnZJrGXURD4VubtB5aDRBCsfphmbWBBokT
4D54425800000000000000000000000000000000,rJJfuHfwrYLkbzWeoiuQZbzv7Ffi9GEgn7
4D45544124000000000000000000000000000000,rNtqjpucnCuxhKVtMy2iefRofPFVXFD5PR
023031516D5574334E4654393935313000000000,rnqmFFZaQRApL2T8LtK2TSV9dNjLCvYEEk
4155524F52410000000000000000000000000000,rPnac2Qunw9ofqiY5ur4jd83dNMbk5THYh
58524A6170616E00000000000000000000000000,rs4Rz7EiNnWXyVTbm11y3qpj94VVZPxHqm
41544D5400000000000000000000000000000000,rPXFg78B1b4ZSisfdibXztT5kPmp5HTDXe
58434F494E000000000000000000000000000000,rBw4swPcXBAgZUcYBYqcpSrCf25cu34nc8
4D6574614D696E64000000000000000000000000,rsXreKYGtmSzJi8ZnSdBTMgQnqaQ5V8H7S
4469616D6F6E6400000000000000000000000000,rfSTRox25KWznAtKCLqJ29zPxwErkhbX49
47414D45434F494E000000000000000000000000,rGRbhMeHyi5yi1x5vkFrZD8sHzkr5HfH3g
5A414E494D414C00000000000000000000000000,rLacyEG9x5q3VXtoS3AnobnfedKmU89f6Q
LCC,rG9Fo4mgx5DEZp7zKUEchs3R3jSMbx3NhR
7877657374000000000000000000000000000000,rGxTL4RgJeJcN3SySxAQMnMnWXDEELjMfk
FQT,rHUXRWp8DqH2vZSaq9b8qUzrBXDtAwBcwr
023031516D6377694E4654393238393600000000,rPpidxyuBnbMTc9wzJ86jwbpoLSEEML3Kf
023031516D5367514E4654333834353500000000,rwpaWjXmhPRAhHs8H59Z64LCj3UGjD5wc5
584C4C414D415300000000000000000000000000,rM7eceNskZB43X7aCDe22moJBEw9u42aN8
4452495050454400000000000000000000000000,rKtfM2S7EVkp3vF5WVM44L8RyGjrmE4ZG5
54524F5041000000000000000000000000000000,r9BSm9VwgFKCsjksYuzHJ1QebneFyrS5bu
4F53534100000000000000000000000000000000,rEidsGjRCX8VYQdMtY9hLMzj8cNMFdqzWp
4249524449454255434B5A000000000000000000,rLazWTdfkhFsAscNyr1zCZDM7nxW17AALK
5852536167610000000000000000000000000000,rnb3HAXaQX6J2RA2dZaTeNNDKMvc4N7B9k
2447484F53540000000000000000000000000000,r6BEe9QVrqwhuBdqsy6pBkfKqb5nrdaUa
4269736F6E470000000000000000000000000000,rn3Gd6hQqc5ZK1VvfyWyrzhad3aTdPaFLs
023031516D6133794E4654333834383900000000,rap4Vi5P3iKK4GKAtPV6LPhvGu4XEpXtUm
584E41525748414C000000000000000000000000,rwav87wr2c3DPNXneidEm3dGUgY6EBf8mo
023031516D5A43684E4654393738313800000000,rK5FK2PCXQQxZGynYHMuLBs2Rj7M5Q9Ux9
5850555353590000000000000000000000000000,rsG6UhMuwjkCMUyefg89qB4e861Mpig9bj
5465646479426F79730000000000000000000000,rUQp5C29SacMCbUrhrQYHGkqSQNsHULARQ
023031516D5A59384E4654000000000000000000,rH4F8zk4aaNRSFiY1bAWC8zCkkKKPxrneo
ENV,rKpu9NjEmwk5USt1A2FBDoVQGajeqgM8na
5846415445000000000000000000000000000000,rGXLeJoFurTHtxPGifeQ25eRuWkVoEwvYW
5852504554450000000000000000000000000000,rwNMJ7S9cLMUeBG391eEk9psw4KcPpANKC
4D55464300000000000000000000000000000000,rPM7XRK2yzr2ahrJDoLAUGyVdE5GneqY5P
464E475253000000000000000000000000000000,rwJfQcN7EzaDcpcmCQYef8mxpsHZceeWAC
SYS,rJr7aKTWthoXgMS65W86fzC5Ccu38ShhXv
4D49434500000000000000000000000000000000,r4M5rrfTSbfh61SH5VANcBGqZgkworfaHQ
XRO,rQhj6ukWgvFRSfMcbE3DyoGU4JF5auYmev
5045454E5A000000000000000000000000000000,rLDEELKZST8eRYpNPS1hr6LWZbQnZ9NkYy
584255524E000000000000000000000000000000,rp97J8g7gzFmK1r5dntC3GBjBav6ZhnqXn
47494E4100000000000000000000000000000000,rMeLMXwX4jGRvePpU3jULn9YfgZCfud3F8
DGE,rPpwMz19shCDWyeFJDBWqgmceXvB9zTHug
784C61626F720000000000000000000000000000,rP4DR419Lafe6RPyS1vbFXW7DPpUHw2iR
7850696767696573000000000000000000000000,rGH6hm9YcSog35ZuxKkbKbKftMmaTh9vXt
5368696261496E75000000000000000000000000,rJnZitJrYBpyuxxpRzjnir9cJwx4K2fWpX
UFO,rD8eKQc7nwVDPspWn87oP8SVaio2kYvuGe
58534D415254464F580000000000000000000000,rHRMqfYAPc73RtVeaywbESc3Zd49Ly9jyG
4D45544100000000000000000000000000000000,r9fTXcvbkgJ9ggEgjV3UmzM7sqs9Phb177
4452494654544F4B454E00000000000000000000,r3LMUktBCGYteqri1b35ifcRdkZ9uFiEWE
BSC,rsdK4XBXoG5JUHwR56Deq2ncTqjr4TxSi7
5457455454590000000000000000000000000000,raVFV5cMjZYxHxQ4c67YYffyzjSQCXKUDZ
4672616E6B6C696E000000000000000000000000,rMgnr9ePkQbY23ZjzCyCu977viGTjRyFBT
CCB,rBxoALcypxTDYbkJr8MWLeUPYq64vAQpT4
47656E6572616C456C6563747269630000000000,rKrX8TFvWEdq2cAiQwoszGHziYkRVX4Pmw
5357494D00000000000000000000000000000000,rG3bv9zpoB3RXMqeykDj1idHBmyo7QbGFM
5348494200000000000000000000000000000000,rJnZitJrYBpyuxxpRzjnir9cJwx4K2fWpX
5853504143450000000000000000000000000000,rDGCeU9CjeM2KGdjqtrUPYeku7ByvHycUP
53616E6400000000000000000000000000000000,r3V7BTuupF5mACHg2vpDRotDqGbMPh5GMv
584348454553454D4F4F4E000000000000000000,rE6F5x9SCyMouBBBRKyoxvpdUkxiTb5wtq
7847425443000000000000000000000000000000,r4ZXk448HRwZN57H4X8GXXkr93hJQojgWQ
ELF,rKhkLTgZrAaHXY5NzquXfJmXX3TRpV1Dmv
49444F4C00000000000000000000000000000000,rH7cF8Eja3cm5MPA3u2gVmbJFw3cfntLVd
4472697000000000000000000000000000000000,rhWbFN1Q3owPfYY3FjMmKTzTXs6A3uKVtm
FAW,rESSPBRYHMhxKxRozuP8mATdQmxwvSTgJE
FBO,rESSPBRYHMhxKxRozuP8mATdQmxwvSTgJE
XSL,rLA1aoxTqUx7RYPLBZ4XmzjWNNUZcQkL95
416E67656C4E4654000000000000000000000000,rD6VQ6Qx95sVaYbLM2Qnqn6Fde4ijaaqsu
58616C69656E7761726500000000000000000000,r9T7w5KuVhb9B5Ddj6ps5AhnZNikAY2caK
584C474254510000000000000000000000000000,r4cXkPESi5UsWuqC3yaHczitiH4oXAExh
576F726C64617274000000000000000000000000,r9vUPD9hZkY7kASTvUnARn82uk6pDVt4Df
586D617300000000000000000000000000000000,r3KSsS21XwJQgNz4k7MnrHDXgueFYRfn3g
XMP,rpmjVijtHSGpc8uSiaS4xvCwmwJUxn41qQ
STR,rKiCet8SdvWxPXnAgYarFUXMh1zCPz432Y
554D4B4D00000000000000000000000000000000,rLBiwuD6frqK7kZoHeCxRip5m11VZAtgAE
